id,domain,status,purchase_price,renewal_price,attractiveness,demand,length,registrar,created_at,expires_at,status_verified_at
61c97139-a668-4d42-8ce9-a212691be1ae,libby.gives,available,42.99,42.99,high,low,5,godaddy,,,28/09/2026 02:15
fb804087-56f5-4003-a644-56459170dae9,whispering.gives,available,7.48,37.98,high,low,10,namecheap,,,03/09/2026 11:10
70f7e60c-3857-411b-9bc7-9334269c59e0,galangal.gives,available,14.99,23.99,medium,low,8,namesilo,,,18/09/2026 14:03
ffbe0493-9133-44a9-bcf5-741608badb07,jadestone.gives,available,5.99,40.99,high,low,9,name.com,,,22/08/2026 11:54
fe41f07b-ec70-42c5-9edf-7507d56835f8,refuge.gives,available,7.48,37.98,high,low,6,namecheap,,,20/09/2026 18:32
743ff0bb-0382-4257-949e-68aebd78c39b,arrowroot.gives,available,7.48,37.98,medium,low,9,namecheap,,,17/09/2026 00:43
ae70a486-5738-46e2-ab2c-1e2a52b71205,sure.gives,available,7.48,37.98,high,low,4,namecheap,,,24/09/2026 21:05
194da6d1-dffb-4356-8fb7-0090186351d5,tougher.gives,available,11.99,23.01,medium,low,7,dynadot,,,29/09/2026 11:36
692a33f5-1254-4acc-bc29-9e5074b17386,highlight.gives,available,11.99,23.01,high,low,9,dynadot,,,29/09/2026 06:58
715fb6c4-e4c8-40ad-b7b7-573bef09c0ab,hmm.gives,available,6.41,22.39,high,low,3,spaceship,,,01/10/2026 04:54
2c82e478-fc7b-4d49-8c7b-152baeeab1cc,anthropoid.gives,available,5.99,40.99,medium,low,10,name.com,,,
002ccdf9-5a6e-467a-97d4-0b63c4b27cce,airwoman.gives,available,7.48,37.98,medium,low,8,namecheap,,,17/09/2026 23:25
2c2c1765-24ea-48d1-b949-b1c90bd637fd,statesman.gives,available,5.99,22.66,high,low,9,porkbun,,,30/09/2026 18:08
19ab2cc4-0bb4-414d-8262-4a5d877645a0,astronomical.gives,available,14.99,23.99,high,low,12,namesilo,,,29/09/2026 14:28
fe62bdfc-2fe4-4d73-ac4e-80d6fb2f63f0,kathmandu.gives,available,14.99,23.99,medium,low,9,namesilo,,,29/09/2026 06:13
7c272b5a-f1e7-458a-a43a-21404a018232,subway.gives,available,14.99,23.99,high,low,6,namesilo,,,25/09/2026 23:41
8f66d35c-2611-4d75-8b5a-7d31b2fcbaa4,constructed.gives,available,11.99,23.01,medium,low,11,dynadot,,,29/09/2026 16:21
37d9c3cf-a405-4bf3-bc74-d54d46b42c49,simms.gives,available,14.99,23.99,medium,low,5,namesilo,,,28/09/2026 16:38
dc02f7f3-e217-43f4-923e-f0b3357c84dd,kermit.gives,available,7.48,37.98,medium,low,6,namecheap,,,30/09/2026 13:00
896ecb1a-90af-4e3c-970d-cd20c40bfc04,syntactic.gives,available,7.48,37.98,medium,low,9,namecheap,,,11/09/2026 06:39
0f6f02bf-7385-4777-b421-cb2b37a76dcd,scriptural.gives,available,5.99,40.99,medium,low,10,name.com,,,09/08/2026 18:55
60c645d7-718a-4730-87e7-c65987efc9c6,correlate.gives,available,14.99,23.99,high,low,9,namesilo,,,23/09/2026 23:49
02c7bfec-0e71-4b1f-8fc8-74d08ae1ed80,migrate.gives,available,5.99,22.66,high,low,7,porkbun,,,30/09/2026 20:34
e0372dbd-4a42-476c-8f55-4fa012c9b13c,wife.gives,premium,78.54,78.54,high,low,4,namesilo,,,30/09/2026 03:56
b295956d-59d5-43df-b34d-7b3b701f2c2f,user.gives,available,7.48,37.98,high,medium,4,namecheap,,,25/09/2026 00:16
e6259ade-2299-490a-bf2a-d08cee126054,tref.gives,available,7.48,37.98,medium,low,4,namecheap,,,03/09/2026 19:37
53526fc5-4e3c-4f9c-8632-282114c5d3d2,valet.gives,available,21.7,21.7,high,low,5,cloudflare,,,29/09/2026 19:00
5d0627f3-66ed-4e07-99df-d82df2af3ef0,sarkar.gives,available,14.99,23.99,medium,low,6,namesilo,,,01/10/2026 23:28
45721204-21d8-4cda-9719-c329207cdcd9,dignity.gives,available,6.41,22.39,high,low,7,spaceship,,,29/09/2026 14:56
febaaf6c-1bf8-4e6a-9e35-c300a76d2c35,behaviour.gives,available,7.48,37.98,high,low,9,namecheap,,,23/09/2026 03:08
7536d154-807d-4872-b83e-19d345456975,intake.gives,available,6.41,22.39,high,low,6,spaceship,,,29/09/2026 06:09
c8e204c3-d29a-4bc8-aed6-e913fbd361ed,slothful.gives,available,5.99,40.99,medium,low,8,name.com,,,17/08/2026 20:58
abeef711-887d-45e7-9b73-e303f4d65dc7,sedation.gives,available,14.99,23.99,medium,low,8,namesilo,,,01/10/2026 01:49
65e437a7-6ed2-46fa-b8f7-06cca5bb484c,homeland.gives,available,6.41,22.39,medium,low,8,spaceship,,,28/09/2026 09:28
8e7f563b-0138-4c49-bfcd-5516d9079a3f,frye.gives,available,21.7,21.7,medium,low,4,cloudflare,,,28/09/2026 19:16
4e7e7cbd-afb4-46fb-8232-9beb097bfb0c,pontiac.gives,available,6.41,22.39,high,low,7,spaceship,,,01/10/2026 03:20
d1408a4c-23a8-4aa2-b0d5-3969519b06df,squinty.gives,available,5.99,40.99,medium,low,7,name.com,,,07/08/2026 03:20
a7043863-0185-40ea-9a55-481b1f31a314,joliet.gives,available,14.99,23.99,medium,low,6,namesilo,,,29/09/2026 01:26
30e0b0fa-ed6f-48f6-8440-633bb1b2f0e2,these.gives,available,14.99,23.99,medium,low,5,namesilo,,,01/10/2026 01:31
4ec87656-6252-436c-95af-3ba489fca164,calculator.gives,available,14.99,23.99,high,medium,10,namesilo,,,24/09/2026 11:42
5acbb27e-1de6-4628-b480-d34486a5e8b8,overgreedy.gives,available,7.48,37.98,medium,low,10,namecheap,,,04/09/2026 20:38
4fb60c2d-35e9-4bd4-984b-906766ef30a1,shellfish.gives,available,6.41,22.39,high,low,9,spaceship,,,30/09/2026 18:03
b6c4e947-f446-4eba-9380-37721e9a6b8d,linguist.gives,available,7.48,37.98,high,low,8,namecheap,,,08/09/2026 23:18
bc6603a9-ef3c-4871-a047-9fa1c30a6f7d,politics.gives,available,14.99,23.99,high,low,8,namesilo,,,27/09/2026 05:03
405b9795-9449-4b72-a55a-4c7aff42487c,termination.gives,available,7.48,37.98,high,low,11,namecheap,,,04/09/2026 07:49
2d317331-fe7d-46c3-91c2-928b83b4960f,balsamic.gives,available,14.99,23.99,high,low,8,namesilo,,,22/09/2026 16:34
ad2941b8-5fe6-47c8-a4b9-b1a822199aab,arius.gives,available,14.99,23.99,medium,low,5,namesilo,,,20/09/2026 06:03
bcd107c1-8822-4045-a8e1-0ce4cb3bd494,trucks.gives,available,14.99,23.99,medium,low,6,namesilo,,,29/09/2026 08:57
50fab161-d144-46dc-9dc8-96383c747d1e,tyrolean.gives,available,7.48,37.98,medium,low,8,namecheap,,,11/09/2026 22:33
1640078c-c147-4137-a198-c59adacb0f79,vulnerability.gives,available,11.99,23.01,high,low,13,dynadot,,,30/09/2026 05:50
a0227f57-ecb3-427b-8c8a-fb5bacfe1003,mps.gives,available,14.99,23.99,high,low,3,namesilo,,,27/09/2026 04:47
58581a4c-84ff-4054-81f4-d0d1154acbb4,greeley.gives,available,14.99,23.99,medium,low,7,namesilo,,,28/09/2026 14:21
7e89fa99-4022-412d-8f50-bc77cd02b751,medicare.gives,available,21.7,21.7,high,low,8,cloudflare,,,01/10/2026 20:30
b32c9beb-7bf3-49d8-83f9-437b600b7794,tasking.gives,available,14.99,23.99,high,low,7,namesilo,,,01/10/2026 23:59
0bdf9378-9bac-425b-862b-e1e086a40ce8,hebridean.gives,available,5.99,40.99,medium,low,9,name.com,,,21/08/2026 05:45
06b0461e-ea46-4018-8913-aa075dd8345c,issues.gives,available,7.48,37.98,medium,low,6,namecheap,,,25/09/2026 21:11
61d2f86b-52e4-4e89-ba28-7492cc798da0,moby.gives,available,14.99,23.99,medium,low,4,namesilo,,,30/09/2026 04:05
0296d6ce-d8c9-48c5-b68a-4f43ee36adca,reid.gives,available,14.99,23.99,high,low,4,namesilo,,,25/09/2026 10:17
796c6562-f168-4fe5-a8bc-fb7f09eed60d,eighth.gives,available,5.99,40.99,high,low,6,name.com,,,
6eeb1e25-c87a-4175-a1ab-2479b50f6e16,whipped.gives,available,11.99,23.01,medium,low,7,dynadot,,,28/09/2026 21:21
c285c05d-6d45-4e2e-8b51-b3101ac64c1a,heavenly.gives,available,5.99,40.99,high,low,8,name.com,,,11/08/2026 23:21
ec7c0e96-9419-4037-af33-558c74c67261,jewelry.gives,available,11.99,23.01,high,low,7,dynadot,,,30/09/2026 00:51
5485dacb-d812-44ca-8a1e-440d4adbd7ad,kendra.gives,available,21.7,21.7,medium,low,6,cloudflare,,,01/10/2026 07:27
a2e5e152-bb48-4a36-b6be-de885d13f08e,union.gives,available,14.99,23.99,high,low,5,namesilo,,,28/09/2026 09:47
7dd1dbf3-d4ab-44d4-a693-35281637a8d8,bagasse.gives,available,7.48,37.98,medium,low,7,namecheap,,,21/09/2026 17:47
2c04bc17-2a91-4cc0-be0b-f1cbf9dc3556,chevalier.gives,available,5.99,40.99,high,low,9,name.com,,,11/08/2026 22:49
17a96c8d-9e9e-4e7c-b1ab-d410094a7f5b,robyn.gives,available,14.99,23.99,high,low,5,namesilo,,,29/09/2026 22:07
87982011-f3b7-468b-82b4-4464f924483e,granth.gives,available,14.99,23.99,medium,low,6,namesilo,,,17/09/2026 08:05
a1d4b71c-9058-4340-89d0-869db784b28b,sheppard.gives,available,7.48,37.98,medium,low,8,namecheap,,,27/09/2026 08:04
47404039-1d20-475e-8a29-b779af2a55e3,antacid.gives,available,14.99,23.99,high,low,7,namesilo,,,22/09/2026 05:43
16bdd0fe-8a29-4e2a-bced-bdd75797ee63,kun.gives,available,11.99,23.01,high,low,3,dynadot,,,30/09/2026 13:03
084bd0c5-aa61-48b0-8671-2c9f68b751c1,passionately.gives,available,6.41,22.39,high,low,12,spaceship,,,01/10/2026 18:20
268f9ca8-42e6-4cb2-a90c-12fcf4399039,cellar.gives,available,7.48,37.98,high,low,6,namecheap,,,22/09/2026 10:16
e4bfe6bf-f93d-4a06-a09c-c015ef3cd175,tummy.gives,available,7.48,37.98,high,low,5,namecheap,,,22/09/2026 17:49
7ec17c97-1b77-439e-b05f-ef372936a37f,hartley.gives,available,14.99,23.99,high,low,7,namesilo,,,25/09/2026 04:45
07eb3ff0-3620-4468-a6fb-6c245066d79f,bygone.gives,available,5.99,40.99,medium,low,6,name.com,,,11/08/2026 12:06
f30d4ed6-af04-466b-a072-e4c6e577b039,rosen.gives,available,14.99,23.99,medium,low,5,namesilo,,,26/09/2026 03:15
275adc6f-7b61-4d46-9489-9b7dc7e961d9,bracer.gives,available,14.99,23.99,medium,low,6,namesilo,,,20/09/2026 06:51
df955b61-457f-4da0-80dd-31e34776948c,detailed.gives,available,14.99,23.99,high,low,8,namesilo,,,24/09/2026 07:09
0f96d969-2b26-437b-8bce-058f22790670,habitable.gives,available,5.99,40.99,high,low,9,name.com,,,20/08/2026 21:25
3402629b-042d-4546-9b98-cafb9e249798,nominees.gives,available,14.99,23.99,medium,low,8,namesilo,,,30/09/2026 16:22
522d660e-8c58-4c12-bf66-b7238aeef753,budgets.gives,available,5.99,22.66,medium,low,7,porkbun,,,28/09/2026 08:37
7195af9e-2533-4db0-b331-f99d4fa47592,hastings.gives,available,7.48,37.98,high,low,8,namecheap,,,22/09/2026 15:09
d4c5c431-8356-4e2a-9a95-6fc7561992f1,clint.gives,available,5.99,22.66,high,low,5,porkbun,,,29/09/2026 15:00
590bcc52-0e5e-4442-a381-80e462019e3f,coherently.gives,available,5.99,22.66,medium,low,10,porkbun,,,28/09/2026 14:06
ba315a6c-4546-41c2-8f38-9580741e475b,grumpy.gives,available,5.99,40.99,medium,low,6,name.com,,,08/08/2026 07:57
33ddfe80-8f3f-479d-8f4e-603e8011b7e7,wembley.gives,available,21.7,21.7,medium,low,7,cloudflare,,,30/09/2026 11:20
dcba68cb-7848-4715-9730-3c58086f7dd9,stavanger.gives,available,14.99,23.99,medium,low,9,namesilo,,,01/10/2026 21:52
42b9f597-9545-4468-9882-112857253297,monster.gives,available,14.99,23.99,high,high,7,namesilo,,,23/09/2026 03:25
59cb4d0e-1265-40cd-b714-16eb2429990e,bennet.gives,available,14.99,23.99,high,low,6,namesilo,,,23/09/2026 08:30
81258165-b27a-4673-900f-2a8a4d9e054a,signaling.gives,available,7.48,37.98,high,medium,9,namecheap,,,10/09/2026 08:00
0b2b1f96-fed1-42da-874a-3c1a6942c04b,spirituality.gives,available,11.99,23.01,high,low,12,dynadot,,,30/09/2026 06:12
72717226-1e9b-4953-b5a5-08deef327eeb,millstone.gives,available,7.48,37.98,medium,low,9,namecheap,,,18/09/2026 02:29
37585ebb-9bca-450a-8cf0-1c51c0ec592d,bedside.gives,available,14.99,23.99,high,low,7,namesilo,,,22/09/2026 23:34
d76d92c0-50ea-4a0c-8dac-43e5104753dc,shaggy.gives,available,5.99,40.99,medium,low,6,name.com,,,11/08/2026 11:17
869b2527-61e1-45be-a31d-c62977c9d5e2,city.gives,premium,78.54,78.54,high,medium,4,namesilo,,,29/09/2026 09:34
0c9e2f36-2fb6-4b0e-b98e-3cb5bbaf3ea8,bimbo.gives,available,14.99,23.99,medium,low,5,namesilo,,,23/09/2026 16:54
ea9c734c-09ec-4ab5-b956-3d56e6c5be46,prefixed.gives,available,14.99,23.99,medium,low,8,namesilo,,,30/09/2026 23:59
7b1d52c0-8460-49ca-8d2c-a45753a99818,thunderbolt.gives,available,21.7,21.7,high,low,11,cloudflare,,,01/10/2026 05:34
cc441a2d-f5aa-4806-b03d-1326781689dd,anwar.gives,available,21.7,21.7,medium,low,5,cloudflare,,,29/09/2026 09:45
d3965b22-1e9b-47be-bb14-328388803b58,naive.gives,available,7.48,37.98,high,low,5,namecheap,,,03/09/2026 12:50
f05459fb-94be-4a08-b766-34a0f85863b8,unhampered.gives,available,7.48,37.98,medium,low,10,namecheap,,,12/09/2026 11:51
8188a46f-fb83-4d9a-9191-07e4b5ae5793,mackenzie.gives,available,14.99,23.99,high,low,9,namesilo,,,25/09/2026 21:54
ac7e1ea3-739e-4bfc-a4dc-994680b07749,empathetic.gives,available,5.99,40.99,high,low,10,name.com,,,16/08/2026 16:43
a109aee6-4666-417d-a709-86b6e2710021,tapestry.gives,available,7.48,37.98,high,low,8,namecheap,,,20/09/2026 08:48
67070b5f-9cef-4b3d-99db-1dc7dcb85558,census.gives,available,7.48,37.98,high,low,6,namecheap,,,24/09/2026 13:32
6ce563e5-5f36-4c58-976b-36f7d54d79d2,mullen.gives,available,14.99,23.99,medium,low,6,namesilo,,,30/09/2026 03:34
dc37d6cc-0b54-4bf2-a5a9-81fa84ff2d76,jonas.gives,available,14.99,23.99,high,low,5,namesilo,,,25/09/2026 15:07
f1853cb7-91fa-4637-b66d-583a05cffd5b,experimented.gives,available,6.41,22.39,medium,low,12,spaceship,,,30/09/2026 07:34
f2429106-f72d-4168-9672-85b6a388447a,bitch.gives,available,7.48,37.98,high,low,5,namecheap,,,23/09/2026 00:22
459ee9ac-147a-4cf5-9a2d-1728d5e0e289,refuses.gives,available,6.41,22.39,low,low,7,spaceship,,,28/09/2026 09:00
67be50f7-0b85-4119-b881-65fedfe20a19,murderous.gives,available,5.99,40.99,medium,low,9,name.com,,,21/08/2026 11:28
c40e61b5-cbf5-4d67-8916-54bd848ae537,blended.gives,available,5.99,40.99,high,low,7,name.com,,,10/08/2026 14:14
1df4560e-52aa-43bc-8e80-ab3434151fd0,passages.gives,available,21.7,21.7,medium,low,8,cloudflare,,,29/09/2026 16:50
83a02f65-d3f7-4cf1-b3f1-cc39b7d87f2c,mayfield.gives,available,6.41,22.39,medium,low,8,spaceship,,,28/09/2026 12:21
9e473713-62c4-4746-8083-52df7ce113c2,estelle.gives,available,14.99,23.99,medium,low,7,namesilo,,,29/09/2026 03:59
b66ce1fb-1f3d-44be-bce1-d81e990b73a8,terry.gives,available,6.41,22.39,high,low,5,spaceship,,,29/09/2026 18:32
4f2868a2-f5dc-4557-b5fd-2f4464424d03,bom.gives,available,6.41,22.39,high,medium,3,spaceship,,,01/10/2026 04:43
e6c9d66b-f85b-475d-b142-5bcd2b2dea74,cabinets.gives,available,21.7,21.7,medium,low,8,cloudflare,,,30/09/2026 15:51
804ed920-fd7c-4ad8-a38f-4823cebd62f7,peopled.gives,available,7.48,37.98,medium,low,7,namecheap,,,08/09/2026 15:32
1b73cbb4-d3f9-4bba-be0d-6313c0a4f404,dias.gives,available,14.99,23.99,high,low,4,namesilo,,,22/09/2026 09:17
1735518e-c791-4a26-9bcf-dc9a8d6574cd,bases.gives,available,7.48,37.98,medium,low,5,namecheap,,,17/09/2026 21:42
69c1fb71-fcf4-4b11-bff6-2b244b0a8efe,drove.gives,available,14.99,23.99,high,low,5,namesilo,,,25/09/2026 22:29
194518e0-ecfc-4d6a-8144-eea5fd70cee4,safely.gives,available,7.48,37.98,high,low,6,namecheap,,,16/09/2026 00:26
8c5e69c8-c07b-45c0-bd6c-d213ce287fa5,realities.gives,available,6.41,22.39,medium,low,9,spaceship,,,29/09/2026 17:45
8aeafbcc-6e60-4aa8-a0cf-ceeec9d4be9e,apology.gives,available,7.48,37.98,high,low,7,namecheap,,,28/09/2026 21:41
0cee2a76-0db9-46a9-918b-c38883379edd,adynamic.gives,available,5.99,40.99,medium,low,8,name.com,,,
26adde98-ea42-47e4-aa74-0d4c1ff9cd3b,stormbound.gives,available,7.48,37.98,low,low,10,namecheap,,,10/09/2026 21:22
7a89000e-edb9-4f09-979c-774567fc6a8b,haley.gives,available,14.99,23.99,high,low,5,namesilo,,,18/09/2026 05:45
d17e994f-20c4-4ae0-9a9f-ea4ed55afeac,widowed.gives,available,14.99,23.99,medium,low,7,namesilo,,,28/09/2026 10:37
ef60f2af-6690-41bb-b296-17cb25452055,flattering.gives,available,5.99,40.99,high,low,10,name.com,,,18/08/2026 06:57
aeb1a08d-118c-4318-86ca-ec9623f0700e,perishable.gives,available,7.48,37.98,high,low,10,namecheap,,,08/09/2026 17:18
94ec2806-20a5-413a-a4c3-da8294bb9952,conga.gives,available,14.99,23.99,high,low,5,namesilo,,,24/09/2026 17:17
3d753b27-46a4-4dda-b974-968cce416b0b,derisory.gives,available,5.99,40.99,medium,low,8,name.com,,,14/08/2026 02:56
c1211d9b-8c63-4b81-b917-1d622449ad8b,formulation.gives,available,5.99,22.66,high,low,11,porkbun,,,01/10/2026 13:01
f6bf25b3-d021-46f0-818d-facb2f0abc5a,perchance.gives,available,7.48,37.98,medium,low,9,namecheap,,,14/09/2026 02:12
419a82ee-e465-4a25-8dac-337dd65bc716,platonic.gives,available,7.48,37.98,high,low,8,namecheap,,,08/09/2026 20:53
8f2282ca-a2f3-4f6d-a5a8-4e0f8f8f0f29,shape.gives,available,6.41,22.39,high,low,5,spaceship,,,29/09/2026 03:13
3a58f902-9350-4f26-9f4e-26f3cbf25fef,birdcage.gives,available,7.48,37.98,high,low,8,namecheap,,,23/09/2026 20:32
57fb39dc-00b1-43bd-8736-f520231a1111,felicitous.gives,available,5.99,40.99,medium,low,10,name.com,,,18/08/2026 00:51
36781f74-f1b7-48d7-bbb5-6051893c8fe1,warburg.gives,available,7.48,37.98,medium,low,7,namecheap,,,16/09/2026 19:40
3f75c247-c731-4916-9fd8-92a20cd35362,ethiopian.gives,available,5.99,40.99,high,low,9,name.com,,,17/08/2026 13:47
a6f343dc-022e-4469-83ea-a6474bde5b3f,fuentes.gives,available,14.99,23.99,medium,low,7,namesilo,,,29/09/2026 11:52
e8feb09c-9757-4ec5-a4f4-3fb2dc7f90cd,burnett.gives,available,14.99,23.99,medium,low,7,namesilo,,,25/09/2026 03:44
0bfe4819-0f4b-4f7c-95fc-0ca1cecbb474,inflowing.gives,available,5.99,40.99,medium,low,9,name.com,,,22/08/2026 04:34
aeee95bd-e0c8-4197-89d7-7b28f01c76fc,verbalize.gives,available,7.48,37.98,medium,low,9,namecheap,,,13/09/2026 00:14
7a3f098e-1b32-4e08-9d2c-0e57cf2edc3f,deflation.gives,available,14.99,23.99,medium,low,9,namesilo,,,29/09/2026 13:36
b940de1e-a4da-4dd0-a800-02109ae62aba,compounds.gives,available,6.41,22.39,medium,low,9,spaceship,,,01/10/2026 15:18
7f0ba960-3582-440f-9e16-9d8940b3e173,infrasonic.gives,available,5.99,40.99,medium,low,10,name.com,,,22/08/2026 04:48
b26b7bb6-6804-484d-ad58-a2ceb7079110,scowling.gives,available,5.99,40.99,medium,low,8,name.com,,,09/08/2026 08:33
a216952f-99de-45ee-a1fd-1c45d2c1e50c,advancing.gives,available,7.48,37.98,high,low,9,namecheap,,,21/09/2026 20:51
41d22454-76fa-41af-8875-d43824668936,faster.gives,available,7.48,37.98,high,low,6,namecheap,,,14/09/2026 17:46
e63e67c4-93f6-4397-a03a-c79303771a5c,freelance.gives,available,5.99,40.99,high,low,9,name.com,,,18/08/2026 14:37
9ecf378f-82ab-4213-b41f-1aef2c3ecdbc,computing.gives,available,14.99,23.99,high,low,9,namesilo,,,19/09/2026 12:12
5a1ccbe3-5286-4d75-ace0-d97b213fc14c,alep.gives,available,14.99,23.99,medium,low,4,namesilo,,,18/09/2026 05:14
c3340918-8ca1-4a31-ad88-8e192d7e8070,niobium.gives,available,7.48,37.98,medium,low,7,namecheap,,,20/09/2026 23:04
cb7d07a5-8faf-4768-b6a8-b4a47614717d,paranoiac.gives,available,5.99,40.99,medium,low,9,name.com,,,08/09/2026 01:08
86acc528-d3b2-4f03-9b49-50ef53c0dcf6,bother.gives,available,7.48,37.98,medium,low,6,namecheap,,,24/09/2026 07:29
b44a034e-e48e-41df-a15e-5c2d4cbfb188,troop.gives,available,21.7,21.7,high,low,5,cloudflare,,,28/09/2026 02:58
e91d056f-b9c3-4d1c-b27a-b013b8fadafe,corsica.gives,available,14.99,23.99,medium,low,7,namesilo,,,28/09/2026 13:46
7ddbc609-cd02-4fe2-920a-ed22b971b3c9,kindred.gives,available,,,high,low,7,,,,
fe7ca18d-e4a1-4217-9640-679eab343b5a,amur.gives,available,14.99,23.99,high,low,4,namesilo,,,19/09/2026 00:13
af272efb-a269-4c66-87e7-534f198e5c53,multilevel.gives,available,7.48,37.98,medium,low,10,namecheap,,,03/09/2026 10:46
6376f3c2-2a7d-4aa2-84bb-113708341320,fingers.gives,available,5.99,,medium,low,7,name.com,,,
8b856361-2d5a-4713-b896-8a4b0cabfcbd,contracted.gives,available,7.48,37.98,high,low,10,namecheap,,,23/09/2026 22:26
bf304ced-65f2-4a11-8090-5038ce8b50e6,chatbot.gives,available,21.7,21.7,high,medium,7,cloudflare,,,02/10/2026 01:35
71243a27-9e55-4e63-8402-fe1ca52ec936,hideous.gives,available,5.99,40.99,medium,low,7,name.com,,,21/08/2026 08:13
a20b80ec-d2bd-469f-a348-147d62059878,twice.gives,available,6.41,22.39,medium,low,5,spaceship,,,28/09/2026 14:37
381e2eec-271b-4c4c-b621-d8b969f32535,barlow.gives,available,6.41,22.39,high,low,6,spaceship,,,29/09/2026 03:31
d95afdf8-ae85-4ca4-93dd-a9cbc9fa66b4,niner.gives,available,5.99,40.99,medium,low,5,name.com,,,
56db44e5-27e0-4901-b383-3dbff25f94de,hospitably.gives,available,7.48,37.98,medium,low,10,namecheap,,,15/09/2026 01:10
5056061b-0455-4596-8bac-263a0a614073,statistical.gives,available,6.41,22.39,high,low,11,spaceship,,,29/09/2026 14:29
77ac3587-04cb-459a-a22e-e59a2c8f86e4,nickelodeon.gives,available,11.99,23.01,high,low,11,dynadot,,,01/10/2026 22:22
95803b62-79a1-4f34-b906-aab47f26111f,cuddles.gives,available,14.99,23.99,medium,low,7,namesilo,,,21/09/2026 08:38
ede1f358-84a2-42b4-a367-b9af8ee0bc13,critter.gives,available,7.48,37.98,high,low,7,namecheap,,,24/09/2026 19:33
0ffdc4c9-593c-4dff-8e37-f953013654d5,vigo.gives,available,6.41,22.39,medium,low,4,spaceship,,,29/09/2026 15:42
36abd1ec-154e-411d-b88c-53e8980b320f,clears.gives,available,7.48,37.98,high,low,6,namecheap,,,29/09/2026 17:52
9af500e3-e98d-4a4a-9e82-ef80b0dccdc3,tremulous.gives,available,7.48,37.98,medium,low,9,namecheap,,,09/09/2026 07:46
f275192f-1cd8-478f-b06b-e533e02b6d03,balaena.gives,available,7.48,37.98,medium,low,7,namecheap,,,21/09/2026 20:30
0db6dce8-bee6-4f3e-8350-c8245511e63a,helpfully.gives,available,7.48,37.98,medium,low,9,namecheap,,,15/09/2026 00:07
2671f520-63d8-4e8b-90d0-0fbe62ca6b92,pieces.gives,available,7.48,37.98,medium,low,6,namecheap,,,17/09/2026 19:58
c3af8f1d-6b3b-4d2d-98f8-51ba9d30f96d,dawes.gives,available,21.7,21.7,medium,low,5,cloudflare,,,28/09/2026 09:30
fc3f8ac9-2947-4099-998a-01350dd69a75,newburgh.gives,available,6.41,22.39,high,low,8,spaceship,,,29/09/2026 07:44
d1853014-437f-4484-bbf6-25d8fc1a93a8,japanese.gives,available,5.99,40.99,high,low,8,name.com,,,22/08/2026 12:22
a1bec88d-19ea-4e69-9caa-03673a18c506,fictitious.gives,available,5.99,40.99,medium,low,10,name.com,,,07/08/2026 07:50
8396d2ce-db7e-4b77-ab97-f2574496b33d,prim.gives,available,5.99,40.99,high,low,4,name.com,,,13/08/2026 15:46
f0682c10-15c1-4b52-855e-6438f7cc7187,perceptions.gives,available,21.7,21.7,medium,low,11,cloudflare,,,02/10/2026 03:23
660cd55b-792a-4d0f-b7a2-904dd8c7ae26,savagely.gives,available,7.48,37.98,medium,low,8,namecheap,,,14/09/2026 01:43
399009c4-bb75-4b65-9745-8f20ec5ecd18,anosmic.gives,available,5.99,40.99,medium,low,7,name.com,,,
e4b0ae0f-0d76-4db4-930c-c0d424567e60,airlike.gives,available,5.99,40.99,medium,low,7,name.com,,,
fa81a545-dc97-4953-89a9-3d0e7200b400,affront.gives,available,14.99,23.99,medium,low,7,namesilo,,,17/09/2026 14:54
3573dcaa-cd97-4570-98cf-849282b0e764,unforced.gives,available,7.48,37.98,medium,low,8,namecheap,,,12/09/2026 05:40
34324476-5b25-478c-9b47-596515d7d974,picaresque.gives,available,5.99,40.99,high,medium,10,name.com,,,08/09/2026 19:30
9f8289b3-1bcb-4ae7-ad90-4ab8eac8cc0a,birdwatch.gives,available,7.48,37.98,high,low,9,namecheap,,,23/09/2026 19:35
27a556e0-3820-48ad-9011-e7656fe6295a,monatomic.gives,available,5.99,40.99,medium,low,9,name.com,,,25/08/2026 04:12
f9713e64-21eb-4230-adcd-a47ae92be577,arian.gives,available,14.99,23.99,high,low,5,namesilo,,,01/10/2026 22:48
e55da41c-a93b-4c47-b308-fac3f410ea11,archers.gives,available,7.48,37.98,medium,low,7,namecheap,,,01/10/2026 15:28
ccd9a0e8-718d-47ca-aaf4-3afbce176575,calf.gives,available,6.41,22.39,high,low,4,spaceship,,,29/09/2026 05:52
aee86f5d-ddb7-475c-8931-049900abb1ff,mama.gives,available,14.99,23.99,high,low,4,namesilo,,,28/09/2026 06:17
19feca20-e4da-4962-ba24-47707bb904f2,petrified.gives,available,14.99,23.99,medium,low,9,namesilo,,,01/10/2026 05:17
f12e0b68-e17b-4c2b-9d96-d228c3c31cc5,hungarian.gives,available,5.99,40.99,high,low,9,name.com,,,21/08/2026 15:39
2b62a892-0f4f-431f-a783-cb641b3b8138,americas.gives,available,5.99,,high,low,8,name.com,,,
ba9af2fc-76da-4ddf-980d-0c2e3f9a522c,whale.gives,available,21.7,21.7,high,low,5,cloudflare,,,29/09/2026 23:18
70b6a0e6-c799-42cf-b9b3-174e68b4db71,father.gives,premium,66,66,high,low,6,dynadot,,,29/09/2026 02:01
ab26f7ec-b926-4de3-8294-73ff30b88c6e,courtyard.gives,available,6.41,22.39,high,low,9,spaceship,,,29/09/2026 11:51
630cc9e2-017e-40f2-bb0b-4dba96c40b6a,hardworking.gives,available,6.41,22.39,high,low,11,spaceship,,,02/10/2026 01:28
b6e4a151-1074-4dbb-ad48-0deaffd471e3,donegal.gives,available,6.41,22.39,medium,low,7,spaceship,,,28/09/2026 21:57
ae5f96ba-285b-4f99-a527-9a8f7376f9c9,donny.gives,available,6.41,22.39,high,low,5,spaceship,,,30/09/2026 20:44
0bbf3561-4070-4d60-bd55-df4a520014d5,jeopardy.gives,available,11.99,23.01,high,low,8,dynadot,,,28/09/2026 14:01
b3f29c5b-f98b-46d1-9a93-5c9805cc40e4,billiard.gives,available,5.99,40.99,high,low,8,name.com,,,09/08/2026 21:25
d87ef057-3976-46e5-a40e-c90275a9480f,anecdotist.gives,available,14.99,23.99,medium,low,10,namesilo,,,19/09/2026 05:08
8e2b3a40-9b1a-462c-8ca6-631a4cdc9e7f,notorious.gives,available,5.99,40.99,high,low,9,name.com,,,21/08/2026 19:05
f7565929-f92c-4cf3-b5e3-ad74701b9ac3,adirondack.gives,available,21.7,21.7,medium,low,10,cloudflare,,,28/09/2026 21:35
38b85f17-dbf2-4850-a69b-5e06e1b9e57a,knobbly.gives,available,5.99,40.99,medium,low,7,name.com,,,22/08/2026 16:31
17a92ee0-dc67-47f3-948f-88469fe548b0,nath.gives,available,21.7,21.7,medium,low,4,cloudflare,,,29/09/2026 15:40
717a1af6-2b8f-4907-8626-3cdfcdf5a7df,cameraman.gives,available,6.41,22.39,high,low,9,spaceship,,,29/09/2026 06:02
d8203a01-4549-4571-98f5-e4f6723be63a,temperament.gives,available,6.41,22.39,high,low,11,spaceship,,,30/09/2026 22:37
b4e3b0f2-90bc-48d3-a680-5fd64b1df4ee,erin.gives,available,14.99,23.99,high,low,4,namesilo,,,28/09/2026 05:36
7cb1c69b-a0c2-4c5c-979b-8c8ba3e11ead,establishments.gives,available,5.99,,low,low,14,name.com,,,
7bd50c67-def5-42f3-9ed0-e72730715699,rigorously.gives,available,7.48,37.98,medium,low,10,namecheap,,,15/09/2026 23:46
86037a5b-c5db-49c3-8a7e-c12324c7bc17,improvised.gives,available,5.99,40.99,high,low,10,name.com,,,21/08/2026 23:19
0aa18684-722f-4034-83f3-b66b430e7702,vicky.gives,available,6.41,22.39,medium,low,5,spaceship,,,29/09/2026 03:57
10b2cb4c-444d-4db2-a659-11b958ca9a2a,donnish.gives,available,5.99,40.99,medium,low,7,name.com,,,14/08/2026 15:53
fed3a7ee-333a-4221-9ab4-7818601ed69d,bioscience.gives,available,7.48,37.98,high,low,10,namecheap,,,23/09/2026 18:59
4b6557ce-54b9-4ceb-8795-4920abdc3766,corded.gives,available,5.99,40.99,medium,low,6,name.com,,,13/08/2026 00:57
c3a9fd0c-1c23-47a4-9315-df9642cca483,vocative.gives,available,7.48,37.98,medium,low,8,namecheap,,,13/09/2026 06:31
71c1e580-27a4-491b-85bd-f79b945204a4,aliment.gives,available,14.99,23.99,medium,low,7,namesilo,,,18/09/2026 07:56
a345660a-d6c7-4bf4-ac28-3168ba9afeb7,quarrel.gives,available,6.41,22.39,medium,low,7,spaceship,,,28/09/2026 09:33
bdb7de52-d224-491e-b12f-c9a75b0ce470,biotitic.gives,available,5.99,40.99,medium,low,8,name.com,,,10/08/2026 03:33
4e348715-b6c1-44ba-a9ad-776491b7d0d7,rulers.gives,available,6.41,22.39,medium,low,6,spaceship,,,02/10/2026 02:55
ae987e52-eb31-4ebf-8119-5bbbf97099b6,residuum.gives,available,5.99,40.99,medium,low,8,name.com,,,09/09/2026 15:07
d25a4107-f4a4-4fb7-96ef-28d95ece83b0,concentrated.gives,available,7.48,37.98,high,low,12,namecheap,,,01/10/2026 09:43
bce04134-d857-4267-812e-a7d455f98704,ashtoreth.gives,available,7.48,37.98,medium,low,9,namecheap,,,20/09/2026 14:02
21500454-0d14-43ae-a2fe-2f7abff3ebd8,discs.gives,available,14.99,23.99,medium,low,5,namesilo,,,30/09/2026 23:56
dd06eb7d-b3b2-4a59-ac6a-463883b6cf06,additionally.gives,available,11.99,23.01,medium,low,12,dynadot,,,30/09/2026 14:34
1ed86934-cd10-4742-9478-4481fd122d01,grounds.gives,available,7.48,37.98,high,low,7,namecheap,,,24/09/2026 20:34
20855dad-47eb-4bda-a06f-d089d1b62771,clapham.gives,available,7.48,37.98,medium,low,7,namecheap,,,30/09/2026 21:21
023fd531-da4c-41dc-9912-0a9939387222,staffing.gives,available,14.99,23.99,high,low,8,namesilo,,,28/09/2026 02:47
4f008734-9b63-4d6d-b2c1-de5ab48d4dfe,anxious.gives,available,14.99,23.99,high,low,7,namesilo,,,27/09/2026 21:59
80f083bd-973f-4e17-92a1-8e3f27489d5a,spoof.gives,available,14.99,23.99,high,low,5,namesilo,,,23/09/2026 11:26
523de28a-44cf-4cd1-bf74-75b987cc7d8c,fingerprint.gives,available,11.99,23.01,high,low,11,dynadot,,,29/09/2026 08:29
54b5e415-8285-443f-929b-c444b08dd0a9,surfbird.gives,available,14.99,23.99,medium,low,8,namesilo,,,19/09/2026 17:13
985e72ae-b632-4352-924f-ce01cdfe7888,perforce.gives,available,7.48,37.98,medium,low,8,namecheap,,,15/09/2026 19:36
a9f83b0f-517b-4d93-8b63-85e54b321222,radial.gives,available,7.48,37.98,high,low,6,namecheap,,,09/09/2026 09:30
73c244c5-765e-4fc2-9f14-60c2eed1dec3,exchanges.gives,available,5.99,22.66,medium,low,9,porkbun,,,29/09/2026 08:56
0794f5bc-50ca-43f7-afa5-231f24b5b3b8,ephesian.gives,available,5.99,40.99,medium,low,8,name.com,,,17/08/2026 10:24
6fedf3c6-4395-4e19-bb8f-fd8adb659557,ammonium.gives,available,14.99,23.99,high,low,8,namesilo,,,18/09/2026 22:10
b6eb465d-c470-4e9f-9106-092e7868a9b1,technetium.gives,available,14.99,23.99,medium,low,10,namesilo,,,20/09/2026 23:06
626505b7-441b-4159-badc-0c58b558ba0a,samples.gives,available,14.99,23.99,medium,low,7,namesilo,,,20/09/2026 18:39
ff92c675-933d-4092-b4de-1431509388ca,guilt.gives,available,11.99,23.01,high,low,5,dynadot,,,29/09/2026 21:42
c4f1aeb3-f1aa-4b04-96f3-7de8bbb91912,suspended.gives,available,5.99,40.99,medium,low,9,name.com,,,11/09/2026 04:55
7433af1e-d9db-4a9c-8913-794b1c7cbf62,winsomely.gives,available,7.48,37.98,high,low,9,namecheap,,,14/09/2026 15:43
9f93858f-ed70-4cd1-82c6-438418f5aec3,transitions.gives,available,5.99,,medium,low,11,name.com,,,
4a858b47-b100-471d-aa27-0d4b71a5ff12,ridley.gives,available,14.99,23.99,high,low,6,namesilo,,,30/09/2026 02:43
e768b57b-cd2c-475c-8da5-86e88b09cc7b,bihari.gives,available,14.99,23.99,medium,low,6,namesilo,,,23/09/2026 15:31
e75f9184-0f8c-4cca-9f66-cda0769a7c02,elliot.gives,available,7.48,37.98,high,low,6,namecheap,,,25/09/2026 21:48
2dda3129-5666-4638-acf1-4ebc64c1b97f,specifics.gives,available,14.99,23.99,medium,low,9,namesilo,,,29/09/2026 17:04
ebf223ff-5cc5-4335-9fa0-ee9a7a3e2a16,silicious.gives,available,7.48,37.98,high,medium,9,namecheap,,,10/09/2026 08:08
48e5d89c-05ad-462a-8afb-b81cc1dcc01e,moderne.gives,available,5.99,40.99,medium,low,7,name.com,,,25/08/2026 03:00
0e79556a-1cf5-4294-b87c-ea8fb1ee0396,tonsorial.gives,available,7.48,37.98,medium,low,9,namecheap,,,11/09/2026 17:12
faa47e06-817f-4dde-ac9d-1ad09709256a,filings.gives,available,5.99,,low,low,7,name.com,,,
4f56e0bb-888b-44b8-ad5f-e6d53287925f,balladeer.gives,available,14.99,23.99,medium,low,9,namesilo,,,21/09/2026 22:45
88c2527a-0112-431b-a0bf-9ea822c6e308,sinful.gives,available,5.99,40.99,medium,low,6,name.com,,,22/08/2026 05:27
04b846f5-54c7-4859-ac35-6669a0eb1691,timetable.gives,available,14.99,23.99,high,low,9,namesilo,,,28/09/2026 20:39
5d1249c6-8cff-427f-a964-db70928c4909,boned.gives,available,5.99,40.99,medium,low,5,name.com,,,10/08/2026 18:34
ba191b98-2532-47bd-9e5e-fb9ce672cab7,tirelessly.gives,available,7.48,37.98,high,low,10,namecheap,,,15/09/2026 07:50
b10af0b7-20ce-4006-b63d-22bb2bf9c36e,napa.gives,available,6.41,22.39,high,low,4,spaceship,,,01/10/2026 18:48
1c20d1b9-d066-4c52-819f-6225b0794340,lingering.gives,available,11.99,23.01,medium,low,9,dynadot,,,30/09/2026 10:28
414a19b6-4da0-4f12-9c70-3cb07f58d421,melchior.gives,available,11.99,23.01,high,low,8,dynadot,,,30/09/2026 17:52
f6ff711b-9a21-4e79-8a02-ba31fcf2a607,cathouse.gives,available,7.48,37.98,medium,low,8,namecheap,,,21/09/2026 18:24
46b72533-b3b1-4287-bb37-949af7bd200e,courtenay.gives,available,6.41,22.39,medium,low,9,spaceship,,,29/09/2026 22:46
c4e712f3-9eb2-4e37-9767-ff88029e130c,muttering.gives,available,7.48,37.98,medium,low,9,namecheap,,,03/09/2026 11:14
e0ea4378-4648-4833-b925-93fc7b43983d,cabbage.gives,available,6.41,22.39,high,low,7,spaceship,,,29/09/2026 03:24
5d7b5b41-b83c-4d1d-ab42-021f39ac409b,ignores.gives,available,7.48,37.98,low,low,7,namecheap,,,02/10/2026 03:56
3b2d912a-68a2-473b-96b7-bbddf0c00225,maidens.gives,available,11.99,23.01,high,low,7,dynadot,,,02/10/2026 03:57
1abbf90a-b53d-4a42-8c49-aa452abdf49f,pinball.gives,available,11.99,23.01,high,low,7,dynadot,,,01/10/2026 21:17
5bee5e8b-7edd-4c07-a89b-7e0fa1c11e66,jude.gives,available,6.41,22.39,high,low,4,spaceship,,,29/09/2026 18:47
04575ede-1263-4ef4-991f-1dd89c9a0191,barrister.gives,available,14.99,23.99,high,low,9,namesilo,,,22/09/2026 08:39
b6d78904-4454-4d9e-a14b-4fabf3827c38,fort.gives,available,11.99,23.01,high,low,4,dynadot,,,29/09/2026 19:57
cda09275-4a56-432f-bb47-241b41570d2c,sinless.gives,available,5.99,40.99,medium,low,7,name.com,,,21/08/2026 21:57
50bc40d3-254d-4547-bcbb-43d528cd93f2,provoke.gives,available,6.41,22.39,high,low,7,spaceship,,,29/09/2026 22:15
c701d2c6-ed6f-44a9-a012-37c1e4fa1c42,taiwanese.gives,available,5.99,40.99,high,low,9,name.com,,,18/08/2026 12:14
a68c201b-2041-4648-a151-132def1b27ba,routledge.gives,available,21.7,21.7,medium,low,9,cloudflare,,,28/09/2026 16:54
5f340b33-7c8f-466a-8c08-d72bd06b5f02,tympanic.gives,available,7.48,37.98,medium,low,8,namecheap,,,11/09/2026 22:25
f948dec2-cc99-4324-b455-7274330573bb,benghazi.gives,available,14.99,23.99,medium,low,8,namesilo,,,23/09/2026 08:04
9dccebd9-0577-4e73-bb01-42c6374ce8de,czech.gives,available,5.99,40.99,high,low,5,name.com,,,13/08/2026 15:01
3eb3348e-67c8-436e-b3d8-7a92f6519c68,northerly.gives,available,7.48,37.98,medium,low,9,namecheap,,,03/09/2026 21:23
7ee59b3e-efe2-461f-be52-4dea70f23922,latest.gives,available,5.99,40.99,high,low,6,name.com,,,
52d27a18-b35e-4858-84ec-ef3882ec03cf,slips.gives,available,7.48,37.98,high,low,5,namecheap,,,17/09/2026 12:24
36432991-0de9-4454-b1ce-02fea979a93c,earning.gives,available,14.99,23.99,medium,low,7,namesilo,,,28/09/2026 13:27
b4e5302e-b559-41f5-8b01-ce880beae00d,zion.gives,available,6.41,22.39,high,low,4,spaceship,,,29/09/2026 19:24
25a15ac1-2ba0-446f-9324-cc4d00179835,statistically.gives,available,5.99,22.66,low,low,13,porkbun,,,29/09/2026 10:41
7e132ed9-6707-43d6-9417-f248afbd04d9,showtime.gives,available,21.7,21.7,high,medium,8,cloudflare,,,29/09/2026 18:25
982de825-47fc-4357-a158-d7d82c165a49,bata.gives,available,14.99,23.99,medium,low,4,namesilo,,,22/09/2026 13:09
da3d665b-584c-461d-8af3-361d7c5e585e,grugru.gives,available,14.99,23.99,medium,low,6,namesilo,,,17/09/2026 03:33
54b72b79-0b94-4120-a60d-d31aa076445b,pandemic.gives,available,7.48,37.98,high,low,8,namecheap,,,05/09/2026 00:38
81d23643-7669-4632-8f5c-b3ee5418c025,ardent.gives,available,5.99,40.99,high,low,6,name.com,,,06/08/2026 16:11
2f066e98-2918-48ad-8dcd-3a9ede66707d,bey.gives,available,7.48,37.98,medium,low,3,namecheap,,,23/09/2026 12:10
f64c948d-3b9d-44c6-8822-a86a9d46af23,eyeless.gives,available,5.99,40.99,medium,low,7,name.com,,,17/08/2026 20:02
53e8b99e-57c4-47ea-ac79-65f268960cbc,stacey.gives,available,6.41,22.39,medium,low,6,spaceship,,,28/09/2026 07:44
fab19df0-8386-444e-9700-3660fddcfe18,fuels.gives,available,14.99,23.99,medium,low,5,namesilo,,,01/10/2026 16:17
da0b3eff-de6b-4245-9230-beb7a231d39a,torture.gives,available,5.99,40.99,high,low,7,name.com,,,11/09/2026 18:03
4cb756db-2631-4be6-bbdf-f1c109114177,sham.gives,available,5.99,40.99,medium,low,4,name.com,,,07/08/2026 08:06
6deb7020-fd76-4442-810b-aab3c9e82925,bindweed.gives,available,7.48,37.98,medium,low,8,namecheap,,,23/09/2026 17:12
634a1a2e-556b-4edf-b34d-5cea4e91107f,thessaly.gives,available,7.48,37.98,medium,low,8,namecheap,,,30/09/2026 11:10
9e2621ec-2764-4d93-b826-2f410928f4b9,caloric.gives,available,5.99,40.99,medium,low,7,name.com,,,11/08/2026 15:07
3e31bb04-e960-49b5-8999-425a44bafc63,thousands.gives,available,14.99,23.99,medium,low,9,namesilo,,,18/09/2026 15:22
785c40a2-5504-4054-82e2-e14bb6882ff6,foolhardy.gives,available,5.99,40.99,medium,low,9,name.com,,,18/08/2026 10:28
c355eb98-dff3-4714-bda3-2806b5d24840,samantha.gives,available,14.99,23.99,high,low,8,namesilo,,,27/09/2026 07:25
192cca6b-ff25-4a70-b3a5-2f4e1d6332d7,hush.gives,available,7.48,37.98,high,low,4,namecheap,,,09/09/2026 08:50
99a39aaa-8709-47e8-bf11-df7dfbdf744d,singles.gives,available,7.48,37.98,high,low,7,namecheap,,,28/09/2026 20:28
d668b40f-3883-4dad-9bbe-259aec5f6d91,separating.gives,available,14.99,23.99,high,low,10,namesilo,,,29/09/2026 08:48
d2760435-70e3-4f31-8b07-ea61e23a9e04,dazzled.gives,available,5.99,40.99,medium,low,7,name.com,,,13/08/2026 18:57
34faa52c-68a4-4a0c-9bfd-93ffaaf740d8,mars.gives,available,21.7,21.7,high,medium,4,cloudflare,,,28/09/2026 06:21
ddf44def-0c5a-45fd-987c-6300bf5f9bc5,abducent.gives,available,5.99,40.99,medium,low,8,name.com,,,
8e6d2843-ec27-4a47-9ee5-9e331a35df61,confidential.gives,available,6.41,22.39,high,low,12,spaceship,,,27/09/2026 17:23
bff40b35-bbc6-4fc4-b169-1475cc278c08,untried.gives,available,7.48,37.98,medium,low,7,namecheap,,,12/09/2026 21:15
c0217398-45d0-4c08-b6bd-cca7af36c6b8,maximising.gives,available,5.99,40.99,medium,low,10,name.com,,,24/08/2026 17:58
2fcaa4f5-9683-4728-a182-3a830adcaf26,ancylus.gives,available,14.99,23.99,medium,low,7,namesilo,,,19/09/2026 03:54
d7d601d6-784b-47ac-9858-b109c8fd2188,choirs.gives,available,14.99,23.99,medium,low,6,namesilo,,,17/09/2026 06:51
8a585cc0-7d3f-4911-b1e6-127322c9f2c1,undeveloped.gives,available,5.99,,medium,low,11,name.com,,,
1c234278-1a43-41a3-bc08-a0e10a90d9e8,osama.gives,available,14.99,23.99,medium,low,5,namesilo,,,29/09/2026 22:16
357be9e2-6482-4298-8d14-c618e492cf65,carnal.gives,available,5.99,40.99,high,low,6,name.com,,,
1d3f252b-5432-4413-8b22-5d3ef4e025a9,implies.gives,available,6.41,22.39,medium,low,7,spaceship,,,29/09/2026 15:58
d76d2e0c-ec47-4373-81c7-5eacfeb376ff,vile.gives,available,5.99,40.99,medium,low,4,name.com,,,14/08/2026 04:01
6b878513-0dc8-4226-ae68-75bff51985e0,warty.gives,available,5.99,40.99,medium,low,5,name.com,,,13/09/2026 04:24
e9b62158-05e1-458e-80af-238753c94f93,robson.gives,available,14.99,23.99,high,low,6,namesilo,,,28/09/2026 08:01
0e9b06ad-01c7-4594-b744-297731fd61a2,rivals.gives,available,14.99,23.99,medium,low,6,namesilo,,,20/09/2026 05:05
78382b46-7913-4555-a0d2-1ffb0c9d01a6,buying.gives,available,5.99,22.66,high,low,6,porkbun,,,29/09/2026 05:41
f9b2bb5e-d810-4849-85f6-0b47b7a1a1ce,ghz.gives,available,6.41,22.39,high,low,3,spaceship,,,27/09/2026 13:41
9222d87a-04e6-4d7a-bb6e-f3db186dc644,vermilion.gives,available,5.99,40.99,high,low,9,name.com,,,12/08/2026 05:45
23d9493d-6774-49c9-81b3-460752c0c969,prospective.gives,available,6.41,22.39,high,low,11,spaceship,,,30/09/2026 03:37
e748f992-896d-4267-bae4-3daa262786eb,commemorative.gives,available,14.99,23.99,high,low,13,namesilo,,,01/10/2026 06:13
54e10af4-8f31-4c24-a174-9e087e92b667,lithium.gives,available,5.99,40.99,high,low,7,name.com,,,23/08/2026 00:43
d9480bca-a161-4531-b1c3-ea9b972eb7b7,agnomen.gives,available,14.99,23.99,medium,low,7,namesilo,,,17/09/2026 18:44
45e99556-d9d2-48cf-9908-7c06dd4453f6,tomboyish.gives,available,5.99,40.99,medium,low,9,name.com,,,21/08/2026 14:32
10246e6f-5aef-4a3a-9749-6c212d47d2bc,classmate.gives,available,6.41,22.39,high,low,9,spaceship,,,29/09/2026 11:55
7157e63b-faf4-4e53-87bd-119d1b46ab6e,surveying.gives,available,21.7,21.7,high,low,9,cloudflare,,,01/10/2026 03:58
eac1e7b4-d5bd-41d5-9721-553972474c95,coexisting.gives,available,5.99,40.99,medium,low,10,name.com,,,12/08/2026 15:32
084b1163-f839-42d1-8d6e-1072c337ce87,sinhalese.gives,available,7.48,37.98,high,medium,9,namecheap,,,10/09/2026 08:23
36b4f96a-7293-4259-af44-a3878017e8df,andradite.gives,available,14.99,23.99,medium,low,9,namesilo,,,19/09/2026 04:09
4f2132f8-d208-405a-9ce7-d5c2212546d3,tal.gives,available,21.7,21.7,high,medium,3,cloudflare,,,02/10/2026 02:17
3e4e19a0-64be-4d12-b9a1-bdb48ea01429,mick.gives,available,21.7,21.7,high,low,4,cloudflare,,,28/09/2026 02:25
eb6db562-ee6e-4a37-9db1-c31d34fcd4d6,projects.gives,available,21.7,21.7,high,low,8,cloudflare,,,28/09/2026 08:54
6924df3d-c1b7-415c-926b-bf9693a41e27,doe.gives,available,14.99,23.99,high,low,3,namesilo,,,29/09/2026 00:39
0d6159b4-371c-4562-8994-1ff10366be32,umpteenth.gives,available,7.48,37.98,medium,low,9,namecheap,,,11/09/2026 23:09
bb180fda-59ea-4a8b-901f-f7247dc45ac5,dji.gives,available,5.99,,high,low,3,name.com,,,
48a61695-759b-40b4-843c-f5f78a98c282,till.gives,available,6.41,22.39,high,low,4,spaceship,,,28/09/2026 05:18
a3943b57-d322-40fa-ba98-ee5158fed9a9,casebook.gives,available,7.48,37.98,high,low,8,namecheap,,,08/09/2026 03:38
e7ab793b-6317-4495-98ce-4db3b7b377f4,hiking.gives,available,14.99,23.99,high,low,6,namesilo,,,29/09/2026 01:18
8d232c4f-d174-4804-bfd1-a867a3399c01,knows.gives,available,6.41,22.39,medium,low,5,spaceship,,,01/10/2026 18:35
b79f7fe0-c0c0-4153-92a4-37c5f66471a8,baffle.gives,available,7.48,37.98,medium,low,6,namecheap,,,09/09/2026 08:20
c27da779-ca17-4c1e-bfc8-3b3892ede884,stop.gives,available,14.99,23.99,high,low,4,namesilo,,,24/09/2026 23:23
3bd7c31a-ec8a-412e-a560-cb7ac48c355e,managerial.gives,available,5.99,40.99,high,low,10,name.com,,,24/08/2026 14:32
15b16c94-4916-4bb1-bd0a-f49540e41789,guiding.gives,available,5.99,40.99,high,low,7,name.com,,,14/08/2026 08:49
b3b82c36-cd5d-4c35-90f4-56d8d7458127,dolphin.gives,available,14.99,23.99,high,low,7,namesilo,,,24/09/2026 23:22
78a2c537-5cdd-4cef-97be-fffd40b4c340,inborn.gives,available,5.99,40.99,medium,low,6,name.com,,,12/08/2026 21:42
ba4e8efb-4f84-4442-9e8c-d792800e2255,subliminal.gives,available,7.48,37.98,high,low,10,namecheap,,,11/09/2026 00:08
1e9789c2-be23-4367-9f89-9efbebdc3ec8,filmable.gives,available,5.99,40.99,medium,low,8,name.com,,,18/08/2026 04:23
70ec1166-3751-46b5-975f-d1c1a55e6cbe,agrestic.gives,available,5.99,40.99,medium,low,8,name.com,,,
e9b5d625-d4f4-48b0-9592-e10f6e51f737,stewart.gives,available,5.99,22.66,high,low,7,porkbun,,,29/09/2026 17:05
bbd1d9fa-cf35-4e2d-9586-80c5f442a3fd,wales.gives,available,6.41,22.39,high,low,5,spaceship,,,29/09/2026 06:12
70407875-a171-431f-84bb-60ead934afac,ahorseback.gives,available,5.99,40.99,medium,low,10,name.com,,,
e9a69193-039d-44fc-a805-6bd8fb1644ed,anvers.gives,available,14.99,23.99,medium,low,6,namesilo,,,19/09/2026 15:49
c55e04c7-c61d-46b0-9828-7777dc00125a,humane.gives,available,14.99,23.99,high,low,6,namesilo,,,25/09/2026 06:31
6830d4fb-5e5b-48c4-bdb9-90678533e668,crowing.gives,available,5.99,40.99,medium,low,7,name.com,,,10/08/2026 16:37
37349451-a3cc-4a48-a612-ca4f5e4ad273,gosh.gives,available,11.99,23.01,high,low,4,dynadot,,,30/09/2026 11:39
1655af45-1d91-4983-bf82-6c58bd3c51b7,minsk.gives,available,6.41,22.39,high,low,5,spaceship,,,28/09/2026 05:24
16c102ab-01f4-4392-b0eb-32cc23dcffec,kirsten.gives,available,14.99,23.99,medium,low,7,namesilo,,,29/09/2026 21:51
a77f01bd-2e94-48bf-b691-6afca20fcea8,multipurpose.gives,available,5.99,,medium,low,13,name.com,,,
203b2fcc-84f6-46e4-8720-680b198fe172,catherine.gives,available,14.99,23.99,high,low,9,namesilo,,,25/09/2026 04:07
fd8d3584-4755-4f69-a960-a263cbba4be5,crooks.gives,available,5.99,22.66,medium,low,6,porkbun,,,30/09/2026 20:36
94d39582-db9d-4b23-8ede-edbe0486e367,rinehart.gives,available,14.99,23.99,medium,low,8,namesilo,,,29/09/2026 22:34
db131985-a430-4225-bd98-139ad6f4ea3c,prestigious.gives,available,14.99,23.99,high,low,11,namesilo,,,29/09/2026 08:35
22dd9f4c-9914-4fce-8366-6e9d53dcf390,quantal.gives,available,7.48,37.98,medium,low,7,namecheap,,,09/09/2026 07:28
85d4b359-58eb-4b8e-a687-a81bc8673e50,attestor.gives,available,14.99,23.99,medium,low,8,namesilo,,,21/09/2026 01:38
e2544c41-8a49-4f09-b0c9-d1c06e12e5f4,curiae.gives,available,6.41,22.39,low,low,6,spaceship,,,01/10/2026 17:28
3da5726b-c3a0-460a-a7f0-b3a6c3c1f961,cheated.gives,available,14.99,23.99,medium,low,7,namesilo,,,01/10/2026 23:09
01a0ab6b-a884-4bec-a123-6109a2741fdc,infallible.gives,available,5.99,40.99,high,low,10,name.com,,,22/08/2026 04:05
46038db0-17e8-4e72-a59f-b7c076996477,imply.gives,available,14.99,23.99,high,low,5,namesilo,,,29/09/2026 00:48
0ba332f2-0e5f-44ad-bba2-6608908b5d84,prioritize.gives,available,6.41,22.39,high,low,10,spaceship,,,30/09/2026 21:21
75b1bd6f-2c6e-4f78-9dd0-b6b4fef776b0,mole.gives,available,14.99,23.99,high,low,4,namesilo,,,27/09/2026 11:53
b9fd3280-4a83-4038-b858-ba1814737ca3,paniculate.gives,available,7.48,37.98,medium,low,10,namecheap,,,05/09/2026 01:01
1783e019-d272-4eb4-b953-1522c0112a50,specter.gives,available,7.48,37.98,high,low,7,namecheap,,,08/09/2026 18:41
8fe22156-ed4b-4c33-bd04-ed6db49f6fdc,andhra.gives,available,5.99,22.66,medium,low,6,porkbun,,,29/09/2026 04:23
daf5e529-64fa-4015-97a6-06f280bd50a8,squire.gives,available,14.99,23.99,high,low,6,namesilo,,,29/09/2026 08:07
85a56bad-2ac2-4a2d-a2ab-3cd8763cc312,isothermic.gives,available,5.99,40.99,medium,low,10,name.com,,,22/08/2026 11:24
4c42fa30-4301-439d-a480-b2ca3047ef6b,cock.gives,available,42.99,42.99,high,low,4,godaddy,,,28/09/2026 02:08
89718025-5b58-4cf5-a893-6007d48774c6,chorale.gives,available,5.99,40.99,high,low,7,name.com,,,12/08/2026 07:04
bb1758f9-4aed-48f1-9fbd-c63d83d9304e,vir.gives,available,7.48,37.98,medium,low,3,namecheap,,,29/09/2026 23:48
6999d4b0-6dcf-40fc-b77f-3886459c3316,denys.gives,available,14.99,23.99,medium,low,5,namesilo,,,01/10/2026 08:46
4319a918-2fa9-43d0-9b29-f7001b160931,uboat.gives,available,7.48,37.98,medium,low,6,namecheap,,,11/09/2026 00:23
d7e7ef13-0d36-4ecf-b410-25212d3e058f,baillie.gives,available,21.7,21.7,medium,low,7,cloudflare,,,30/09/2026 20:10
f02b861a-5646-4fc6-87e3-b70fe78d396b,decorated.gives,available,7.48,37.98,high,low,9,namecheap,,,21/09/2026 19:45
3375554b-6874-41a7-a4c5-5bd8d87101da,irascible.gives,available,5.99,40.99,medium,low,9,name.com,,,21/08/2026 14:18
99e092db-8f99-453b-9af3-3f8296f2e65f,penumbral.gives,available,7.48,37.98,medium,low,9,namecheap,,,08/09/2026 15:25
cf10bbd0-760b-4b9f-a8ad-1a3413846b57,illuminating.gives,available,14.99,23.99,high,low,12,namesilo,,,01/10/2026 23:00
81293c85-da65-44ac-accd-3ed82524efef,shattering.gives,available,7.48,37.98,high,medium,10,namecheap,,,10/09/2026 06:06
aae319c3-4a3c-41c0-96c7-072013f074ff,fluffy.gives,available,5.99,40.99,high,low,6,name.com,,,14/08/2026 17:46
c38df830-c2ab-41ec-9aab-49e36ec12516,congratulate.gives,available,6.41,22.39,high,low,12,spaceship,,,29/09/2026 03:02
c8e26d71-b16b-4bfc-9b67-b6a0606800de,diplomacy.gives,available,21.7,21.7,high,low,9,cloudflare,,,29/09/2026 15:04
4657b664-66b9-4c93-979b-56bf2262d36b,alleged.gives,available,7.48,37.98,high,low,7,namecheap,,,22/09/2026 01:19
128b0e58-2e6b-46c7-9a59-1cdfdf747550,witloof.gives,available,14.99,23.99,medium,low,7,namesilo,,,23/09/2026 05:01
87f7d4ac-6da5-4880-8131-90478a53556e,aalii.gives,available,14.99,23.99,medium,low,5,namesilo,,,16/09/2026 13:12
557a8fbb-6704-4d5e-85bf-74e25c916e7b,folks.gives,available,14.99,23.99,high,low,5,namesilo,,,24/09/2026 16:34
835c44a2-a9c9-43b4-8b7d-8fc48202ac20,minutes.gives,available,14.99,23.99,high,low,7,namesilo,,,30/09/2026 04:36
f0c43b16-3851-486e-bb58-7d806cd52509,horsemen.gives,available,6.41,22.39,medium,low,8,spaceship,,,30/09/2026 23:19
cd28f8d6-88a4-43ca-ba5d-ee1a77935915,predefined.gives,available,11.99,23.01,medium,low,10,dynadot,,,01/10/2026 16:01
d401dd09-f54e-48d9-a399-37ee76daa07c,banners.gives,available,42.99,42.99,medium,low,7,godaddy,,,01/10/2026 00:27
085c4833-9795-495d-8ed8-a470a11aebb5,stoic.gives,available,7.48,37.98,high,low,5,namecheap,,,10/09/2026 20:57
cc1902d1-b7db-426e-ae9b-4b3b30135f22,sinkable.gives,available,7.48,37.98,high,medium,8,namecheap,,,10/09/2026 08:30
a12ca8a3-dd7a-42cc-a850-288d52c79749,nodding.gives,available,5.99,40.99,high,low,7,name.com,,,12/08/2026 00:48
d55dc93a-f649-4f71-935c-0f4234d82f7f,minimize.gives,available,6.41,22.39,high,low,8,spaceship,,,29/09/2026 20:40
250d2a06-57b1-4572-bd51-edd6b0c0c7b3,carlo.gives,available,7.48,37.98,medium,low,5,namecheap,,,28/09/2026 08:41
835f1669-5269-4b51-b2d2-38fe142c0a9d,reference.gives,available,11.99,23.01,high,low,9,dynadot,,,28/09/2026 18:25
c9fc5575-251b-4a54-b68f-92c913113f31,rnas.gives,available,21.7,21.7,low,low,4,cloudflare,,,29/09/2026 05:15
05c8c154-e951-4e4c-83b0-0412ec72f894,microbar.gives,available,14.99,23.99,medium,low,8,namesilo,,,22/09/2026 03:48
d719260d-0ef0-4231-ba4e-5be667ae855a,chocolate.gives,available,14.99,23.99,high,low,9,namesilo,,,28/09/2026 09:05
82d53561-b7ff-4f6c-b453-e2ebe7103e47,latter.gives,available,7.48,37.98,high,low,6,namecheap,,,25/09/2026 13:08
e5d67e11-33d8-44ac-abd0-2cfa4f6c89cd,delegates.gives,available,7.48,37.98,medium,low,9,namecheap,,,29/09/2026 17:31
52667779-06fc-4015-85d6-927be3be2a09,undiluted.gives,available,7.48,37.98,medium,low,9,namecheap,,,12/09/2026 08:03
8c4e72bf-c85b-439c-834a-15eba9307996,conqueror.gives,available,7.48,37.98,high,low,9,namecheap,,,24/09/2026 17:25
dfeb3692-207a-4d63-93f3-de937e289ff4,jaunty.gives,available,5.99,40.99,high,low,6,name.com,,,12/08/2026 06:01
b90df88e-219b-4f1c-9563-d97c879e8c40,causing.gives,available,14.99,23.99,high,low,7,namesilo,,,24/09/2026 13:13
eed476b8-ea79-445f-b449-28861c5929a5,tendon.gives,available,7.48,37.98,high,low,6,namecheap,,,01/10/2026 21:42
cbb78396-9d38-4cec-8d25-b79f61c702ab,caves.gives,available,14.99,23.99,medium,low,5,namesilo,,,28/09/2026 13:19
6574b267-1a28-4fcd-8a4d-7df9f75cb977,barcelona.gives,premium,1107,1107,high,low,9,namesilo,,,22/09/2026 05:08
afab7821-52ec-4aef-9d1e-aa8b8b1c8de8,eastern.gives,available,14.99,23.99,high,low,7,namesilo,,,24/09/2026 13:10
55fc07ff-9682-403a-a97c-0f6344b1af99,insurable.gives,available,5.99,40.99,high,low,9,name.com,,,22/08/2026 07:40
35fab808-4d46-4a4d-adbf-342b5ac12afc,theropod.gives,available,7.48,37.98,medium,low,8,namecheap,,,23/09/2026 19:39
76e0cfbb-069f-4349-a15c-4d73a9fb4269,vertical.gives,available,14.99,23.99,high,low,8,namesilo,,,24/09/2026 14:52
d57bb10b-55a6-4f8e-98b5-fb57e9185b2f,arabian.gives,available,5.99,40.99,high,low,7,name.com,,,06/08/2026 11:05
fe85f808-738e-4561-abe5-ade5061f0d2b,evils.gives,available,7.48,37.98,low,low,5,namecheap,,,01/10/2026 16:07
2b4bf6c1-1a89-4077-b41c-57942fb13ff2,dean.gives,available,14.99,23.99,high,low,4,namesilo,,,27/09/2026 03:39
9ee894b7-0b64-4cff-ba95-7f16eb2298ba,stalked.gives,available,7.48,37.98,medium,low,7,namecheap,,,08/09/2026 13:33
bc6b3705-704d-44fd-a34c-85784837f613,mammals.gives,available,7.48,37.98,medium,low,7,namecheap,,,30/09/2026 06:09
b2f384d4-73e7-482f-b2a9-e166e782b62a,amr.gives,available,14.99,23.99,high,low,3,namesilo,,,29/09/2026 22:13
9b469784-7e30-411c-86aa-480baccb11d3,desperately.gives,available,21.7,21.7,medium,low,11,cloudflare,,,28/09/2026 07:05
df1112e7-daef-44d9-ab24-2d5d5a36c237,backflow.gives,available,7.48,37.98,high,low,8,namecheap,,,21/09/2026 15:32
fa81f2fb-759c-4811-b7a7-b180d8c1faf5,wilkesbarre.gives,available,5.99,22.66,medium,low,12,porkbun,,,30/09/2026 22:09
b19b648d-7c71-4e9d-b13c-ff2039f8578b,harrogate.gives,available,14.99,23.99,medium,low,9,namesilo,,,02/10/2026 00:02
ac28cc16-211a-4df0-8734-be3c560cb011,doting.gives,available,5.99,40.99,high,low,6,name.com,,,14/08/2026 16:28
563080ef-0bce-4084-811b-0897c781fdf1,badmouth.gives,available,5.99,40.99,medium,low,8,name.com,,,24/08/2026 14:04
29bf8fc2-2073-4e9f-b893-85c7877eb3b2,coefficient.gives,available,14.99,23.99,high,low,11,namesilo,,,30/09/2026 23:49
e62e0763-0523-4e40-b837-46220e066b40,clicking.gives,available,6.41,22.39,high,low,8,spaceship,,,01/10/2026 23:14
27d49600-2952-413d-8f47-811af5362141,merrily.gives,available,7.48,37.98,high,low,7,namecheap,,,14/09/2026 00:25
ab6b1d9e-ee2b-49d7-9764-f80f63e64b72,dependency.gives,available,14.99,23.99,medium,low,10,namesilo,,,17/09/2026 06:56
b6c795d0-d0d8-4439-a4e6-0be5849130d6,lazuline.gives,available,5.99,40.99,medium,low,8,name.com,,,08/08/2026 03:18
a247b4a4-95fc-4da4-99b0-df41cd453e88,ney.gives,available,14.99,23.99,medium,low,3,namesilo,,,29/09/2026 12:06
ba4e6ddb-2190-4d65-b18b-a70c9567a70c,flex.gives,available,14.99,23.99,high,medium,4,namesilo,,,23/09/2026 07:41
43574ac7-5aa2-416a-9efc-d171208674a8,wolff.gives,available,7.48,37.98,high,low,5,namecheap,,,25/09/2026 23:22
c6e917aa-5892-4d25-85de-afb7911da84a,intermediate.gives,available,21.7,21.7,high,low,12,cloudflare,,,30/09/2026 11:48
51ee0a41-738f-4e32-9488-e1b8457955cd,bride.gives,available,14.99,23.99,high,low,5,namesilo,,,24/09/2026 10:31
dc0b42f1-d195-45fe-b942-9886e803a16d,bigness.gives,available,14.99,23.99,medium,low,7,namesilo,,,23/09/2026 15:14
20dda916-85cb-44c9-ae5c-6a1d865afb01,encoded.gives,available,14.99,23.99,medium,low,7,namesilo,,,30/09/2026 14:32
e7af5416-ea60-4731-b67c-c41ca842b973,ribosomes.gives,available,11.99,23.01,low,low,9,dynadot,,,02/10/2026 03:56
b4c475c1-b9ba-4ef8-b29a-eadba332da24,wolfsbane.gives,available,14.99,23.99,medium,low,9,namesilo,,,17/09/2026 02:06
ff1f37f6-2691-4f7a-b277-a908e4b55384,unearthly.gives,available,5.99,40.99,medium,low,9,name.com,,,16/08/2026 02:28
d05c9e16-b7e7-4020-8696-31fdf5b3378a,ine.gives,available,6.41,22.39,medium,low,3,spaceship,,,28/09/2026 08:13
b61c882e-b6e4-4556-962d-1a09c22ca6a0,festivity.gives,available,14.99,23.99,high,low,9,namesilo,,,02/10/2026 02:33
53263b76-bb15-44af-9800-dd843cd150d7,cantala.gives,available,7.48,37.98,medium,low,7,namecheap,,,17/09/2026 16:42
5313d230-23e2-4e5d-ac90-157ed0310dc2,telephones.gives,available,14.99,23.99,medium,low,10,namesilo,,,01/10/2026 00:37
1eb4792a-b286-4de6-a3af-c501cc0cff61,proposing.gives,available,6.41,22.39,low,low,9,spaceship,,,28/09/2026 22:53
41900b2f-6af0-4b47-b891-e974a246ef05,guido.gives,available,14.99,23.99,high,low,5,namesilo,,,27/09/2026 06:38
fb725e10-3b2e-4260-b591-284bb4693c37,occipital.gives,available,7.48,37.98,medium,low,9,namecheap,,,04/09/2026 00:11
1a4ad11a-18ab-44da-bacd-3f57e8c13b7e,cheddar.gives,available,7.48,37.98,high,low,7,namecheap,,,18/09/2026 19:29
7bb26749-4ef3-4e59-8cec-1fb581c289c1,apathy.gives,available,7.48,37.98,medium,low,6,namecheap,,,19/09/2026 16:17
f0b9f6a4-2c20-418f-8562-2fddfe381c8b,bounce.gives,available,14.99,23.99,high,low,6,namesilo,,,23/09/2026 01:22
a981dc3f-6293-43dd-93e3-62215258bf89,gradual.gives,available,5.99,40.99,high,low,7,name.com,,,20/08/2026 17:40
ffd45934-ee39-4223-a872-c9f3a0f73140,equality.gives,available,5.99,22.66,high,low,8,porkbun,,,28/09/2026 19:07
559c2af0-a3e6-46fa-b3af-1aa35bd08d15,shirtless.gives,available,5.99,22.66,medium,low,9,porkbun,,,01/10/2026 21:20
fc2c6ece-b0cf-4da6-b501-d93957e5750c,mailbox.gives,available,6.41,22.39,high,high,7,spaceship,,,29/09/2026 19:35
051efe02-f171-49fa-b7de-ec8bd42da60f,steerable.gives,available,5.99,40.99,medium,low,9,name.com,,,14/08/2026 09:00
fa1cf598-f3d0-48a4-b224-6a4d39be596d,weddings.gives,available,14.99,23.99,high,low,8,namesilo,,,20/09/2026 01:47
8c4e6317-dcf7-4a8c-96c9-163ec5376441,sweetened.gives,available,7.48,37.98,high,low,9,namecheap,,,11/09/2026 01:18
8648b06e-2a8a-4509-a8f1-f4ce903cb1ad,anosmia.gives,available,14.99,23.99,medium,low,7,namesilo,,,19/09/2026 11:51
af47e466-bfa3-4e01-940b-bf473fa930aa,arguer.gives,available,14.99,23.99,medium,low,6,namesilo,,,20/09/2026 04:46
7ee11469-a130-45ab-9f52-3891e640b8ef,braun.gives,available,7.48,37.98,high,low,5,namecheap,,,25/09/2026 02:19
df921518-9bcf-4fb3-93da-422df76d4d6e,smarted.gives,available,14.99,23.99,medium,low,7,namesilo,,,20/09/2026 16:41
570b6b78-e949-4819-96bf-f36954289e11,passe.gives,available,5.99,40.99,medium,low,5,name.com,,,14/08/2026 01:17
06c6df27-889f-4492-baf1-aee0451618b0,uppsala.gives,available,6.41,22.39,medium,low,7,spaceship,,,28/09/2026 11:02
92e80a80-452d-4d58-b3f1-c230aadfbef6,refill.gives,available,6.41,22.39,high,low,6,spaceship,,,30/09/2026 18:28
c1be13d4-32c6-4f29-b08a-905df401cd00,bulldozer.gives,available,7.48,37.98,high,low,9,namecheap,,,01/10/2026 18:51
032939ae-e602-41ca-8960-82ad4e8d39b9,uncordial.gives,available,7.48,37.98,medium,low,9,namecheap,,,12/09/2026 06:13
d828c117-5c10-4259-a7e9-773a7bd9bf00,smiled.gives,available,14.99,23.99,high,low,6,namesilo,,,18/09/2026 01:26
837245e3-87c8-4002-b621-eac0c2da426c,tex.gives,available,14.99,23.99,medium,low,3,namesilo,,,29/09/2026 03:26
51139a00-5dc0-400c-b170-fcb2763f140c,birdfeeder.gives,available,7.48,37.98,medium,low,10,namecheap,,,23/09/2026 19:53
44341086-28b8-42aa-a385-d5d7c83f38b6,oakland.gives,available,6.41,22.39,high,low,7,spaceship,,,30/09/2026 05:55
1086c973-9fad-419f-8c76-8fdaade78279,exhaustion.gives,available,11.99,23.01,medium,low,10,dynadot,,,29/09/2026 13:24
143599b7-81e8-4f39-a703-cb0ded6fa7eb,chongqing.gives,available,7.48,37.98,medium,low,9,namecheap,,,30/09/2026 09:09
6c393278-ec41-457a-a254-9c8d6ed285d8,shore.gives,available,14.99,23.99,high,low,5,namesilo,,,26/09/2026 00:07
e6fb484a-3d1b-4187-beef-22040a43950e,filar.gives,available,5.99,40.99,medium,low,5,name.com,,,18/08/2026 04:10
9f9bd7bc-d0ca-41f3-a295-3ef11bbc9e7f,roseville.gives,available,14.99,23.99,high,low,9,namesilo,,,02/10/2026 01:09
c1264ef3-7834-46d9-af4f-6101cf97c4a8,drowsy.gives,available,5.99,40.99,medium,low,6,name.com,,,14/08/2026 18:05
1e7a8f31-8a2d-4778-a3eb-3e70f2c18f4d,rekt.gives,available,5.99,,low,low,4,name.com,,,
26017a19-1af5-4bf3-bba7-5795dc7298e3,lively.gives,available,14.99,23.99,high,medium,6,namesilo,,,23/09/2026 01:27
f7bf0e61-25a8-46ad-bcdc-836e12f42bb7,differed.gives,available,7.48,37.98,medium,low,8,namecheap,,,20/09/2026 05:03
d295082d-ee28-4183-8903-0268ec7e2611,alleviant.gives,available,5.99,40.99,medium,low,9,name.com,,,04/09/2026 23:46
1df83e24-6186-4bed-bc78-2affb7c3f664,fitzroy.gives,available,11.99,23.01,medium,low,7,dynadot,,,28/09/2026 23:19
afd403cf-bb33-42d1-8fc4-3e048ee78a99,cta.gives,available,14.99,23.99,high,low,3,namesilo,,,29/09/2026 22:44
e5ed713f-371e-47fb-846f-354253bab9b1,reported.gives,available,6.41,22.39,high,low,8,spaceship,,,27/09/2026 11:56
e95786be-3b74-4875-a2b8-d7e8cb13d516,fridge.gives,available,21.7,21.7,high,low,6,cloudflare,,,29/09/2026 17:57
2ce0d4fa-7292-49dd-834e-998454afb260,armor.gives,available,14.99,23.99,high,low,5,namesilo,,,20/09/2026 07:21
cac70421-c1dd-4067-9500-631974dbc80c,hanker.gives,available,5.99,40.99,medium,low,6,name.com,,,24/08/2026 08:57
3889007a-a5bc-4602-b2a0-93c746707bcb,ratlike.gives,available,7.48,37.98,high,medium,7,namecheap,,,09/09/2026 10:35
0c9c5107-7d74-45e2-91fd-12af8c5b1b19,tucker.gives,available,14.99,23.99,high,low,6,namesilo,,,23/09/2026 08:24
dde0ee7d-8abf-4383-b19c-18ee02cfa385,thrust.gives,available,14.99,23.99,high,low,6,namesilo,,,25/09/2026 00:11
c48e8325-2c5b-4710-a469-6cbfb9ecc5f5,belgian.gives,available,5.99,40.99,medium,low,7,name.com,,,09/08/2026 12:51
a5747c3a-84eb-4c71-8b1f-5e368cda6cc2,farmland.gives,available,11.99,23.01,high,low,8,dynadot,,,01/10/2026 01:39
5a71c422-452c-4310-ad7e-54400117f231,inspiring.gives,available,14.99,23.99,high,low,9,namesilo,,,25/09/2026 09:50
a000d319-b7a8-423b-b25d-d33f2df62883,renton.gives,available,5.99,22.66,high,low,6,porkbun,,,01/10/2026 11:20
da04588f-5525-4212-98b6-f4b8541d15ad,affixed.gives,available,5.99,40.99,medium,low,7,name.com,,,
a4380879-717c-4928-9596-5cfd02e6006a,arabic.gives,available,14.99,23.99,high,low,6,namesilo,,,22/09/2026 07:33
3d095e56-390a-437d-8e4d-c5f51b87b807,bellbird.gives,available,14.99,23.99,medium,low,8,namesilo,,,23/09/2026 05:55
3702160b-1239-4adb-b38d-ff15c4cf46b8,monogamous.gives,available,5.99,40.99,high,low,10,name.com,,,25/08/2026 05:11
3ee714a9-ea22-44e2-ba6a-7428b20211eb,antibody.gives,available,14.99,23.99,high,low,8,namesilo,,,19/09/2026 14:14
f193523c-3c22-4086-9194-74e7883207da,noachian.gives,available,7.48,37.98,medium,low,8,namecheap,,,03/09/2026 17:58
f3798829-589d-4de7-ac44-85c75fed2e2a,multilingual.gives,available,6.41,22.39,high,low,12,spaceship,,,29/09/2026 20:52
65032049-1130-4152-9ac8-7fe9a9363b59,mime.gives,available,5.99,40.99,medium,low,4,name.com,,,24/08/2026 23:33
f431e8c1-07c8-420c-8468-183e48a58604,overhead.gives,available,14.99,23.99,high,low,8,namesilo,,,26/09/2026 03:30
1314e27b-dc99-496d-847f-deb51b1a022c,tutoring.gives,available,7.48,37.98,high,low,8,namecheap,,,29/09/2026 16:08
98dd227d-75bb-41c3-8b71-85ffc6efad9b,evermore.gives,available,7.48,37.98,high,low,8,namecheap,,,14/09/2026 16:19
322d92f0-6d7c-41cc-b9f5-2f5c7542610e,agone.gives,available,5.99,40.99,medium,low,5,name.com,,,
b27a3a93-0013-4fba-8f05-b09e394bc052,cockcrow.gives,available,7.48,37.98,medium,low,8,namecheap,,,11/09/2026 02:11
8c9d20dd-38e1-4c43-9ddb-a5f5cc561da8,ganga.gives,available,14.99,23.99,medium,low,5,namesilo,,,30/09/2026 19:38
e0d0a632-6b6f-4e5d-b1e0-0f35bf80b02c,tenable.gives,available,7.48,37.98,medium,low,7,namecheap,,,11/09/2026 11:08
43e1dd68-c298-4f8b-be93-72da78d97072,syrup.gives,available,6.41,22.39,high,low,5,spaceship,,,28/09/2026 06:44
aa9639ec-99b3-4a1d-9660-59ce712a34f1,ecologic.gives,available,5.99,40.99,high,low,8,name.com,,,10/08/2026 02:32
f9189cdc-9f74-4e21-9e6d-d3d5b30a9fee,wilfrid.gives,available,6.41,22.39,medium,low,7,spaceship,,,29/09/2026 09:35
a4bf174d-f162-4e49-8a1d-bf8f83b701a9,less.gives,available,7.48,37.98,high,low,4,namecheap,,,25/09/2026 13:30
fda12817-c2b0-4f24-b541-e1aea4a1500a,lunchboxes.gives,available,14.99,23.99,medium,low,10,namesilo,,,21/09/2026 09:13
e55b5e2d-43ef-446e-9508-2fd5856e08ac,tenuous.gives,available,7.48,37.98,medium,low,7,namecheap,,,11/09/2026 11:41
2948805b-73a8-48e3-be54-2e00162fdda7,winning.gives,available,14.99,23.99,high,low,7,namesilo,,,24/09/2026 17:37
155398aa-7ffb-4d1c-aab0-b011d7ce7b32,asexual.gives,available,5.99,40.99,high,low,7,name.com,,,07/08/2026 01:33
8a6de798-5e88-48fe-8237-128816b8f21e,portals.gives,available,6.41,22.39,high,low,7,spaceship,,,01/10/2026 17:55
67f6e1a6-1d0e-4e6c-8ffd-aaad6d302146,deprive.gives,available,6.41,22.39,medium,low,7,spaceship,,,30/09/2026 18:51
4370d8f6-fe79-43c5-802c-95ee9128b601,borg.gives,available,21.7,21.7,high,medium,4,cloudflare,,,01/10/2026 22:33
6a8e5b4c-cb81-4a4f-b67b-c823731753c8,recyclable.gives,available,7.48,37.98,high,low,10,namecheap,,,09/09/2026 11:31
b4cc55e9-39ae-408e-8a46-eb8fd9789db7,housekeeper.gives,available,7.48,37.98,high,low,11,namecheap,,,28/09/2026 11:27
d50c2708-41b0-49af-a176-edcae090ed97,asl.gives,available,14.99,23.99,high,low,3,namesilo,,,18/09/2026 20:39
21ba0006-769e-4c99-89a0-9ed3b5cb531d,eatery.gives,available,11.99,23.01,high,low,6,dynadot,,,01/10/2026 02:34
647779e0-539d-44bf-b84e-35d83e7282ee,invigorate.gives,available,7.48,37.98,high,low,10,namecheap,,,22/09/2026 04:52
75f49fc2-0b4a-4008-81b3-4bfd9111f297,proportions.gives,available,14.99,23.99,high,low,11,namesilo,,,17/09/2026 11:38
438c9334-69df-438c-8c39-c3009e3d9b85,apologue.gives,available,7.48,37.98,medium,low,8,namecheap,,,18/09/2026 10:43
29f21264-b154-4693-ae0c-f5fe45c1fa47,bikini.gives,available,14.99,23.99,high,low,6,namesilo,,,23/09/2026 15:38
229c28b2-82a2-4b72-a04d-6537d0af086a,pentagonal.gives,available,7.48,37.98,medium,low,10,namecheap,,,08/09/2026 15:00
582dd8ed-4031-4e46-b9b0-7f5449a2a5af,granddaughter.gives,available,14.99,23.99,high,low,13,namesilo,,,30/09/2026 22:09
a3f6f650-c328-4b97-92cc-cd79c0c3fe9d,landes.gives,available,14.99,23.99,medium,low,6,namesilo,,,01/10/2026 09:42
8276afb0-5763-4ba1-b06d-c8cc56288456,rna.gives,available,7.48,37.98,high,low,3,namecheap,,,25/09/2026 10:20
3ede8564-0ad6-4ea6-8a08-db90e3abdf47,abnormalcy.gives,available,14.99,23.99,medium,low,10,namesilo,,,16/09/2026 16:19
5474f34a-4838-45fb-823e-6d8001495ef4,carbonates.gives,available,7.48,37.98,medium,low,10,namecheap,,,30/09/2026 00:32
4ff577ab-ee04-43c6-a6c5-313fda2ffe6e,provoked.gives,available,7.48,37.98,medium,low,8,namecheap,,,09/09/2026 04:38
54b450b4-aae6-441a-9560-556cc894c081,rufous.gives,available,21.7,21.7,high,low,6,cloudflare,,,29/09/2026 22:57
34a19c3f-75c1-48e5-8252-4fd8c632fd56,bounced.gives,available,14.99,23.99,medium,low,7,namesilo,,,29/09/2026 17:31
2181b14e-7cf6-4d96-8788-1c9dd9ac00bd,dime.gives,available,6.41,22.39,high,low,4,spaceship,,,29/09/2026 14:59
9fc3e100-6c29-4ac1-9c31-fc93a6241617,bandwagon.gives,available,14.99,23.99,high,low,9,namesilo,,,22/09/2026 01:35
3b6bd78c-c8f5-4438-af92-5e1b4caa356a,oars.gives,available,14.99,23.99,medium,low,4,namesilo,,,18/09/2026 11:47
f573e6f6-d726-49b2-887a-ddb1b5d5716b,hospital.gives,available,6.41,22.39,high,low,8,spaceship,,,01/10/2026 20:24
4691eeff-2d2e-4197-8372-176e5db3f78d,candidate.gives,available,14.99,23.99,high,low,9,namesilo,,,29/09/2026 06:14
c36aa984-b673-458e-bc09-04ca31e6a535,giant.gives,available,14.99,23.99,high,low,5,namesilo,,,24/09/2026 13:50
88abdb9b-c8d3-44fb-8e1d-481207582056,smoothed.gives,available,7.48,37.98,medium,low,8,namecheap,,,10/09/2026 12:07
cbd61f59-095d-4016-b2c8-e63c3af233bc,fired.gives,available,14.99,23.99,medium,low,5,namesilo,,,24/09/2026 11:05
db83cc99-a812-48fd-b950-6aece34b6de0,mclaren.gives,available,7.48,37.98,high,high,7,namecheap,,,28/09/2026 07:30
cea8c13b-9db3-4c4f-8a23-b4cdaa4f349a,respiration.gives,available,11.99,23.01,high,low,11,dynadot,,,29/09/2026 23:19
1aa33bde-7e8a-4d86-b198-d4c72b401244,romans.gives,available,6.41,22.39,medium,low,6,spaceship,,,28/09/2026 19:05
5a6030b3-5819-45c5-a454-a07c58357c8f,altered.gives,available,,,high,low,7,,,,
8af6dead-92fe-4cb4-952a-5a854267046e,kraus.gives,available,14.99,23.99,medium,low,5,namesilo,,,29/09/2026 03:34
8057df50-cc1b-482f-a323-6accb59b0075,koreans.gives,available,5.99,22.66,medium,low,7,porkbun,,,29/09/2026 17:32
e6739596-3a8b-426d-a35d-9507da5f3f8a,marbles.gives,available,14.99,23.99,high,low,7,namesilo,,,29/09/2026 07:32
1f4c265c-3998-4432-8f44-7721b3be8191,sliced.gives,available,14.99,23.99,high,low,6,namesilo,,,23/09/2026 14:26
fa906ee1-2229-4a2d-ab39-50f029f62e13,flummox.gives,available,14.99,23.99,medium,low,7,namesilo,,,21/09/2026 17:31
8a8d854f-8889-4721-88b2-28166460b254,lagrangian.gives,available,14.99,23.99,high,low,10,namesilo,,,29/09/2026 14:39
9c668975-9b0d-45a4-b1ae-23dbf17ad3d9,cricket.gives,available,21.7,21.7,high,low,7,cloudflare,,,29/09/2026 12:00
b43ad50b-064f-414d-859f-01b0fe60ac0c,gas.gives,available,21.7,21.7,high,low,3,cloudflare,,,30/09/2026 01:57
b5cbb05f-3199-4334-98ec-7093dcd8f7b5,untenable.gives,available,5.99,40.99,medium,low,9,name.com,,,22/08/2026 02:35
2c8bf2fa-27aa-4ac5-ae99-bc24276549d7,sigmoid.gives,available,5.99,40.99,high,medium,7,name.com,,,10/09/2026 07:58
72329e85-a609-4f91-880a-d9e128ea7cfd,fervid.gives,available,5.99,40.99,medium,low,6,name.com,,,06/08/2026 16:19
c3e7efb7-fd31-41b3-83bd-b406bc87d221,acetate.gives,available,14.99,23.99,high,low,7,namesilo,,,17/09/2026 00:03
220375e8-d153-433d-82ec-1c99b88dc635,before.gives,available,14.99,23.99,high,low,6,namesilo,,,21/09/2026 23:34
af56e54f-305d-4bfb-b34b-a552a0c2eef1,moving.gives,available,14.99,23.99,high,low,6,namesilo,,,25/09/2026 22:01
384ed3a8-8298-4bcd-a936-a8162cf3fad4,socialised.gives,available,7.48,37.98,medium,low,10,namecheap,,,10/09/2026 13:14
2c2c74eb-ffac-44fd-a9fb-9d7fbc05b0a5,torpedo.gives,available,6.41,22.39,high,low,7,spaceship,,,28/09/2026 05:28
d2664182-57bd-4455-9f66-94e47d354d9c,clipping.gives,available,14.99,23.99,high,low,8,namesilo,,,24/09/2026 15:47
50ad1704-44a7-4a50-819d-b9f32485d180,meld.gives,available,14.99,23.99,high,low,4,namesilo,,,22/09/2026 11:20
06b04027-2e0d-4ac6-b2b3-8fd4a9bd2962,guayaquil.gives,available,42.99,42.99,medium,low,9,godaddy,,,30/09/2026 01:48
ee3cef87-407b-4c53-8a3c-cf9746047bd9,ribbing.gives,available,7.48,37.98,medium,low,7,namecheap,,,11/09/2026 10:01
80d0f707-48a8-40fa-aea5-6001e24073da,begun.gives,available,11.99,23.01,medium,low,5,dynadot,,,28/09/2026 08:15
edc8b617-b176-4bd9-9dab-14b644e75ce3,martinsville.gives,available,14.99,23.99,medium,low,12,namesilo,,,30/09/2026 05:38
d5fa70ce-580c-403e-bcb0-88021d12a1bd,ratio.gives,available,14.99,23.99,high,low,5,namesilo,,,28/09/2026 15:13
a3cec120-6ad8-4abd-a93f-e82960188c56,underling.gives,available,7.48,37.98,medium,low,9,namecheap,,,11/09/2026 00:39
a2fe688b-93ad-4a90-aab0-3dfa561e0834,antinode.gives,available,7.48,37.98,medium,low,8,namecheap,,,19/09/2026 14:48
56d89d3c-afed-40bf-86d6-fc7e58a2c8bf,dix.gives,available,14.99,23.99,medium,low,3,namesilo,,,29/09/2026 12:04
6a415048-7e47-44f9-aca3-fcb7613fbd45,streaming.gives,available,21.7,21.7,high,low,9,cloudflare,,,01/10/2026 03:24
24792286-853c-4910-bb26-6e287d09d0f7,defective.gives,available,5.99,40.99,medium,low,9,name.com,,,13/08/2026 23:06
771e8acf-f7ac-408a-8624-194e59da3e9c,feast.gives,available,14.99,23.99,high,low,5,namesilo,,,22/09/2026 03:01
ecf29606-f6a7-4716-affa-d20d53c164bd,plug.gives,available,21.7,21.7,high,low,4,cloudflare,,,29/09/2026 00:52
cb89a820-fdc1-4b9a-a29f-64ff1c1ccb3f,npa.gives,available,21.7,21.7,high,low,3,cloudflare,,,30/09/2026 18:11
f3eb5117-1762-437e-9fbc-ce8c5b8e3d5a,rant.gives,available,14.99,23.99,high,low,4,namesilo,,,24/09/2026 03:37
838fe03f-bb7a-4aec-899f-7bb12ecf22dd,medallion.gives,available,6.41,22.39,high,low,9,spaceship,,,30/09/2026 10:23
55668158-4213-48ee-a6e5-1aef6f7ba899,laboring.gives,available,5.99,40.99,medium,low,8,name.com,,,14/08/2026 19:56
eb9a8beb-a8e4-4795-84c1-bdbf07f81d5b,relaxed.gives,available,7.48,37.98,high,low,7,namecheap,,,09/09/2026 13:24
b42f66dd-ab01-4385-819c-96b1c18b7cee,constance.gives,available,21.7,21.7,medium,low,9,cloudflare,,,28/09/2026 18:26
ec2dd69b-235f-4150-875e-b5b9ea0cc1c9,capt.gives,available,5.99,40.99,high,low,4,name.com,,,25/09/2026 12:23
fc1d2b71-5634-4646-a853-6615432e15f9,floyd.gives,available,7.48,37.98,high,low,5,namecheap,,,25/09/2026 19:20
55d44a84-02f3-41a8-a3a9-a8af64531050,griffiths.gives,available,14.99,23.99,medium,low,9,namesilo,,,26/09/2026 03:40
86e51d57-9453-42b3-8fac-f7d1be6e483d,xxxvii.gives,available,5.99,40.99,medium,low,6,name.com,,,
e06fd41c-c953-468f-923e-5189a5c3726b,huntingdon.gives,available,5.99,22.66,medium,low,10,porkbun,,,28/09/2026 17:57
50ad8562-3f3a-437a-90ef-265e519fb2f8,contains.gives,available,14.99,23.99,medium,low,8,namesilo,,,18/09/2026 15:08
b1b258ee-d2a9-42f1-b15c-4e6a2ede1a35,point.gives,available,14.99,23.99,high,low,5,namesilo,,,28/09/2026 15:57
6dd80dff-3744-4d58-8a4a-757d8aadfc70,egregious.gives,available,5.99,40.99,medium,low,9,name.com,,,15/08/2026 19:48
88c4ab9e-598d-4a44-9858-6c122f8954d6,streaked.gives,available,7.48,37.98,medium,low,8,namecheap,,,10/09/2026 22:16
9cad2086-c6a2-4117-ac92-1874f707b9e6,scalic.gives,available,7.48,37.98,medium,low,6,namecheap,,,09/09/2026 22:27
573ed80f-e03c-4fbf-81b4-8696ca2842c6,sainted.gives,available,5.99,40.99,high,low,7,name.com,,,
b74ef3e7-b319-4dcd-ba6b-d226b1e3818d,alva.gives,available,6.41,22.39,high,low,4,spaceship,,,29/09/2026 15:31
a80e93e2-5de6-4bfe-b1fa-cae2d943970a,preoccupied.gives,available,14.99,23.99,high,low,11,namesilo,,,29/09/2026 08:47
5275b8fa-5014-4cc4-b338-a649fe9fcc75,austerlitz.gives,available,14.99,23.99,medium,low,10,namesilo,,,21/09/2026 04:41
db2b2889-4cb3-4920-9b37-8141fb64d503,unaware.gives,available,5.99,40.99,medium,low,7,name.com,,,22/08/2026 01:38
73269fd0-e749-442a-8ed4-85494174f589,ripped.gives,available,14.99,23.99,high,low,6,namesilo,,,27/09/2026 17:41
a583528e-1c79-4f1a-b8c5-744fb00e9d20,royalties.gives,available,14.99,23.99,medium,low,9,namesilo,,,18/09/2026 03:27
0685b20d-796c-4586-8e7f-9f4fcadb4d1a,maastricht.gives,available,14.99,23.99,medium,low,10,namesilo,,,29/09/2026 22:00
55c2b54b-1ed8-456b-b4d9-243c6bbd39a0,piscatory.gives,available,7.48,37.98,high,medium,9,namecheap,,,08/09/2026 19:59
04e2ed48-552c-4398-b646-afbd3c6925a4,apoapsis.gives,available,7.48,37.98,medium,low,8,namecheap,,,19/09/2026 18:07
bb8a083e-0b42-4e8d-858d-220c9cbce9da,aging.gives,available,14.99,23.99,high,low,5,namesilo,,,21/09/2026 22:40
91dbabb6-ba36-4c0e-9c10-ab90718c6c28,methane.gives,available,6.41,22.39,high,low,7,spaceship,,,29/09/2026 13:25
efdebb0f-c624-44f4-8564-6d76a3418d1c,pause.gives,available,6.41,22.39,high,low,5,spaceship,,,28/09/2026 06:34
012a6ac1-46f4-4e95-9bd6-a12494c3e47e,berkshire.gives,available,14.99,23.99,high,low,9,namesilo,,,23/09/2026 09:33
bedca46f-68c2-4e13-8aff-c4f2701f3237,gobs.gives,available,7.48,37.98,high,low,4,namecheap,,,14/09/2026 23:34
754a02ce-1656-4892-b831-159114cfaf4d,losses.gives,available,14.99,23.99,medium,low,6,namesilo,,,28/09/2026 10:16
498e6c7d-87f4-4691-aaf0-a888f715ce5f,aitken.gives,available,14.99,23.99,medium,low,6,namesilo,,,29/09/2026 10:35
08682e0e-8aed-409e-b421-99b6e97dd120,jung.gives,available,14.99,23.99,high,low,4,namesilo,,,25/09/2026 03:59
e348e22c-4d97-4cea-8dd0-b126dbb99976,maybe.gives,available,14.99,23.99,high,low,5,namesilo,,,28/09/2026 16:19
3105ddf9-13a6-4992-aa81-72ae0d2fb5a9,abbott.gives,available,6.41,22.39,high,low,6,spaceship,,,27/09/2026 17:56
22568cfb-ac65-46aa-ab01-a6115c624205,deafen.gives,available,5.99,40.99,medium,low,6,name.com,,,13/08/2026 19:44
8d0812e6-4b14-4270-b73f-7ab8899889f6,elongate.gives,available,5.99,40.99,high,low,8,name.com,,,16/08/2026 05:24
aac45d8d-b700-4c8a-9687-a83129968d06,ssi.gives,available,21.7,21.7,high,low,3,cloudflare,,,01/10/2026 18:32
9ffa90ee-96b2-488f-90b8-dbb64c5e8fd1,retrospective.gives,available,14.99,23.99,medium,low,13,namesilo,,,01/10/2026 22:37
e7407aa0-777b-44ea-8091-c36a19ad5ffb,prosecuted.gives,available,6.41,22.39,low,low,10,spaceship,,,29/09/2026 17:43
e9bda3c6-e97a-45e8-8358-0518450b05c5,douglas.gives,available,5.99,22.66,high,low,7,porkbun,,,27/09/2026 13:08
abfd23b6-0524-4596-a271-771705a07600,acceptor.gives,available,14.99,23.99,high,low,8,namesilo,,,16/09/2026 22:02
5bf27865-cf41-4bcd-84c4-37f53028c020,idly.gives,available,7.48,37.98,high,low,4,namecheap,,,15/09/2026 01:38
aaeb7f36-7b1f-40c9-9905-0d100247f723,schedules.gives,available,14.99,23.99,medium,low,9,namesilo,,,29/09/2026 05:57
f75b973a-c846-46a6-90c1-c16dd74f88c9,output.gives,available,14.99,23.99,high,low,6,namesilo,,,29/09/2026 06:46
6d9afb37-30a9-41d4-bd1f-eb58afd331c8,astana.gives,available,14.99,23.99,medium,low,6,namesilo,,,18/09/2026 00:11
ab3de42d-3321-4618-9a66-8d8839b7b267,multnomah.gives,available,6.41,22.39,high,low,9,spaceship,,,30/09/2026 21:47
8f37cf0f-83ac-4798-952f-e6bcdf5aa34f,skimp.gives,available,7.48,37.98,medium,low,5,namecheap,,,09/09/2026 22:34
fbef162b-2b3a-4150-b09f-3f5c7dbb6109,pushy.gives,available,7.48,37.98,high,medium,5,namecheap,,,09/09/2026 06:37
79a7abc3-7652-40db-8e25-b52cd2569f2b,contaminated.gives,available,14.99,23.99,medium,low,12,namesilo,,,01/10/2026 23:21
b96a2db4-83d5-4dba-ac70-9937e822c416,pacific.gives,available,7.48,37.98,high,low,7,namecheap,,,26/09/2026 03:42
72714ea5-ac12-44ad-ad74-95c494aaeebf,newspaper.gives,available,6.41,22.39,high,low,9,spaceship,,,30/09/2026 05:38
297d701d-11eb-4cec-a34e-5bdcebb03e94,oldenburg.gives,available,6.41,22.39,medium,low,9,spaceship,,,29/09/2026 06:22
e46be5cf-4727-4619-9861-c3549c637e1e,bilirubin.gives,available,14.99,23.99,medium,low,9,namesilo,,,23/09/2026 15:56
69e2630c-6350-4287-afc1-0439ca81404b,dares.gives,available,14.99,23.99,medium,low,5,namesilo,,,02/10/2026 02:41
f471d683-924e-4eb3-ae1f-8d1aeb59002e,unconscious.gives,available,14.99,23.99,medium,low,11,namesilo,,,26/09/2026 03:06
ce2a4649-cbb4-43d0-8a22-c7ab5f610031,ergo.gives,available,7.48,37.98,high,low,4,namecheap,,,14/09/2026 15:56
d47d2639-cfac-437f-a9fd-1bfc576bf715,caps.gives,available,21.7,21.7,high,low,4,cloudflare,,,28/09/2026 22:50
53d9de7d-51c2-4f11-ae0f-f6df39548928,basotho.gives,available,14.99,23.99,medium,low,7,namesilo,,,22/09/2026 11:35
b98edb03-19c8-4aa9-996b-0055792dded7,desoto.gives,available,6.41,22.39,medium,low,6,spaceship,,,02/10/2026 01:03
d0580a28-dd5d-4ae0-a712-45d1849a11f6,orton.gives,available,14.99,23.99,medium,low,5,namesilo,,,28/09/2026 08:09
f4f8b0f6-e96c-458d-9f7e-62432b92a24b,contemporary.gives,available,14.99,23.99,high,low,12,namesilo,,,28/09/2026 15:37
6b343b99-0681-4c8c-8716-dd1233dcca91,knower.gives,available,14.99,23.99,medium,low,6,namesilo,,,19/09/2026 22:14
b130b157-1699-44d8-aefe-9a7e87494f56,rosemary.gives,available,6.41,22.39,high,low,8,spaceship,,,28/09/2026 10:51
f94afd57-0c69-41e1-a7f2-35484bf9469c,pertinence.gives,available,14.99,23.99,medium,low,10,namesilo,,,19/09/2026 21:52
3ea26600-e389-42e4-af46-b914d80e541f,aldol.gives,available,7.48,37.98,high,low,5,namecheap,,,18/09/2026 04:25
8bb7e679-6e66-41d2-9e07-c57a85833e02,clout.gives,available,14.99,23.99,high,low,5,namesilo,,,23/09/2026 13:48
a1393667-ef8c-4e85-8077-c923ee03b173,remnants.gives,available,7.48,37.98,medium,low,8,namecheap,,,30/09/2026 23:45
472ba4e3-55ac-4dea-8313-4e163a7332df,either.gives,available,14.99,23.99,medium,low,6,namesilo,,,28/09/2026 14:39
466963b0-297d-414f-93cd-d350bc7274b3,intelligence.gives,available,21.7,21.7,high,medium,12,cloudflare,,,30/09/2026 21:03
33fd49fc-bc0e-4704-9264-66ec949ee97f,ideally.gives,available,14.99,23.99,medium,low,7,namesilo,,,28/09/2026 15:16
97d30187-139c-40dd-8094-9fea9695ca78,minors.gives,available,21.7,21.7,high,low,6,cloudflare,,,29/09/2026 18:08
239a9ba7-9bd5-4f98-9cbc-0df3f7906905,unbelievable.gives,available,6.41,22.39,high,low,12,spaceship,,,28/09/2026 07:08
8638df1e-d4f5-4d4a-af28-7b3154601d59,citations.gives,available,42.99,42.99,medium,low,9,godaddy,,,01/10/2026 00:26
7b3c1723-cdfd-4f68-8284-1c2a34bb4cda,glossy.gives,available,5.99,40.99,high,low,6,name.com,,,11/08/2026 14:10
ee92962d-ba54-47f1-9421-90a532280414,alternator.gives,available,7.48,37.98,medium,low,10,namecheap,,,18/09/2026 14:48
f94173b2-4ce2-4947-8070-098b8a834f13,gnp.gives,available,42.99,42.99,high,low,3,godaddy,,,30/09/2026 01:45
32353ddb-7ae5-4857-b3b9-2d0d07b507ff,ternate.gives,available,7.48,37.98,medium,low,7,namecheap,,,11/09/2026 11:53
894c74bd-7bb3-43e8-b617-038f4a0c242a,wizard.gives,available,7.48,37.98,high,medium,6,namecheap,,,21/09/2026 18:11
a92839e6-bd23-4e08-afd0-efeac84bbe5c,anisoptera.gives,available,14.99,23.99,medium,low,10,namesilo,,,19/09/2026 09:34
efe363b4-5df1-4698-829f-9da54c7c65e1,accelerate.gives,available,6.41,22.39,high,low,10,spaceship,,,29/09/2026 02:40
ffa8280d-d905-43be-b844-5115f41351e0,whitewater.gives,available,5.99,,high,low,11,name.com,,,
30593563-9fa3-4188-9c7d-14e24e9121f2,hussain.gives,available,14.99,23.99,medium,low,7,namesilo,,,29/09/2026 09:29
3c228d3f-249c-4722-ace4-f4bcdc848616,twaddle.gives,available,14.99,23.99,medium,low,7,namesilo,,,21/09/2026 23:55
e7e920a1-1fdc-4591-89e7-bb82fcbcf67e,syncretic.gives,available,7.48,37.98,medium,low,9,namecheap,,,11/09/2026 06:21
db52847a-65cc-4998-b5f9-9cfefad7c962,regulations.gives,available,21.7,21.7,medium,low,11,cloudflare,,,28/09/2026 04:25
6843d595-0caf-4fc3-aa99-0558ef5670f2,leaden.gives,available,5.99,40.99,medium,low,6,name.com,,,22/08/2026 21:44
671405ca-1eef-48cd-bafa-8efca1809bd3,unsweet.gives,available,7.48,37.98,low,low,7,namecheap,,,10/09/2026 01:07
c81be834-9537-44e6-baa6-e932805e4e0c,overturned.gives,available,7.48,37.98,medium,low,10,namecheap,,,04/09/2026 21:55
a2d6da15-b893-4a82-bc38-e8d9c25cc1fa,fined.gives,available,6.41,22.39,medium,low,5,spaceship,,,30/09/2026 15:19
bec5bef4-12d5-4f06-8867-1d91a23c1464,remediation.gives,available,14.99,23.99,high,low,11,namesilo,,,30/09/2026 23:39
15f81aa7-5cf3-4a9c-a8fe-cb16d6a793ee,diachronic.gives,available,5.99,40.99,medium,low,10,name.com,,,14/08/2026 05:38
b9db7bfc-931a-439f-86bb-94f3ab0c5643,coahuila.gives,available,14.99,23.99,medium,low,8,namesilo,,,30/09/2026 09:12
0fdc8e7f-6ef1-4b46-9a11-0cc6cdf418d4,chessboard.gives,available,14.99,23.99,high,low,10,namesilo,,,24/09/2026 14:20
98be2a42-fedd-4fc7-b933-3a664605677b,chickpea.gives,available,14.99,23.99,high,low,8,namesilo,,,24/09/2026 14:29
02d127a3-1285-4de9-b92f-24c8c0f4abe4,oper.gives,available,6.41,22.39,medium,low,4,spaceship,,,28/09/2026 21:34
4b691d33-8dc4-4609-bcd1-8e7bed4d9675,leone.gives,available,6.41,22.39,high,low,5,spaceship,,,29/09/2026 19:32
6e721bb0-1e9a-4d14-89ca-cb6c624e0231,interests.gives,available,7.48,37.98,high,low,9,namecheap,,,25/09/2026 16:44
28b12b3c-1dc0-48bc-b27e-5047278cec34,cultured.gives,available,7.48,37.98,high,low,8,namecheap,,,08/09/2026 09:18
3871199d-94db-4eb6-83ec-cd343a888f6b,continual.gives,available,14.99,23.99,high,low,9,namesilo,,,23/09/2026 22:10
5dba5c6b-bad2-45cf-8c9e-c260ea27fc31,auto.gives,premium,78.54,78.54,high,medium,4,namesilo,,,28/09/2026 23:23
2ab1323f-01d2-44b5-bc99-0cee48820062,sisal.gives,available,7.48,37.98,medium,low,5,namecheap,,,17/09/2026 16:39
8e10f0a6-6fc3-4f66-b63e-38dc984de9a2,moldy.gives,available,7.48,37.98,medium,low,5,namecheap,,,25/09/2026 21:25
1b63fb75-7386-4a9d-979f-cc1ff44ae609,matchless.gives,available,5.99,40.99,high,low,9,name.com,,,24/08/2026 17:00
c0b7f30d-44ce-4397-91e3-3234829eb53f,discredit.gives,available,6.41,22.39,high,low,9,spaceship,,,29/09/2026 15:37
bca6cfb6-9f23-46c7-bd3f-3d0a9c97982e,madison.gives,available,7.48,37.98,high,low,7,namecheap,,,08/09/2026 13:09
3b86235d-7e2c-4f43-af77-ddb8dfe5c912,examiner.gives,available,11.99,23.01,medium,low,8,dynadot,,,28/09/2026 14:05
a322a7fb-c5f2-4f48-8572-d3cf55d52db6,learns.gives,available,14.99,23.99,medium,low,6,namesilo,,,20/09/2026 05:46
621031f6-9e3c-4b03-addb-db790d15022c,marek.gives,available,6.41,22.39,high,low,5,spaceship,,,29/09/2026 17:56
51dac6fa-8260-4748-a858-0b676a18710e,kidnapper.gives,available,14.99,23.99,medium,low,9,namesilo,,,16/09/2026 14:52
3ff64d86-1b44-4828-9a66-9044d7426195,influence.gives,available,5.99,,high,low,9,name.com,,,
758641d0-0f5b-4ecc-a358-6fa74f128813,incorporate.gives,available,6.41,22.39,high,low,11,spaceship,,,29/09/2026 02:35
e9b9c603-d219-494c-84ca-95de2a7083ad,francisco.gives,available,7.48,37.98,high,low,9,namecheap,,,25/09/2026 18:30
18d1fda8-89bb-4648-acb4-9eb3630961bc,outrageous.gives,available,5.99,40.99,medium,low,10,name.com,,,17/08/2026 17:38
8b6a313a-8197-4d22-92ff-d6a2ae939f0b,intimidate.gives,available,7.48,37.98,high,low,10,namecheap,,,29/09/2026 20:44
7b42aa61-d3b2-4f6d-b1b5-c39e0ca572b6,skull.gives,available,14.99,23.99,high,low,5,namesilo,,,26/09/2026 00:19
9a485537-12c0-4e75-93e0-0788f9f6cb61,equable.gives,available,5.99,40.99,medium,low,7,name.com,,,17/08/2026 11:33
9f925121-1814-4131-a290-45de524b8608,safest.gives,available,14.99,23.99,high,low,6,namesilo,,,20/09/2026 20:39
f49eddac-310e-4c1b-b091-67a5271bebdf,adjustment.gives,available,5.99,40.99,high,low,10,name.com,,,18/08/2026 05:52
43cde08a-0c86-4be4-84ad-d50ce74d603b,xxv.gives,available,14.99,23.99,medium,low,3,namesilo,,,21/09/2026 12:45
a78f19ae-e728-4e3a-a09b-2cdff279636f,otic.gives,available,5.99,40.99,medium,low,4,name.com,,,07/08/2026 17:41
68332d55-90a0-43db-bb96-4a47bfb10be7,claim.gives,available,6.41,22.39,high,low,5,spaceship,,,29/09/2026 09:40
ace64ae8-7b9d-429f-a6c4-c39882f82367,ulm.gives,available,6.41,22.39,medium,low,3,spaceship,,,29/09/2026 09:33
c4eee362-1f79-4a65-99b7-ef9086bdcdd2,swanky.gives,available,7.48,37.98,high,low,6,namecheap,,,11/09/2026 05:15
77d47ad7-c88d-4dd9-8a42-c2e4ec3f26f7,polyploid.gives,available,7.48,37.98,medium,low,9,namecheap,,,08/09/2026 23:29
2ab6bdcb-e1ba-4fc6-8902-7419069e96d0,accursed.gives,available,5.99,40.99,medium,low,8,name.com,,,
4f69533c-c0c0-408f-9012-fecb6f2d1235,chichi.gives,available,5.99,40.99,high,low,6,name.com,,,12/08/2026 04:46
ed50c5a8-9ea4-4c44-bf0c-277a7d3910aa,volleyball.gives,available,14.99,23.99,high,low,10,namesilo,,,30/09/2026 14:37
eb3da54f-ef62-4e6b-9a29-787850d31474,metal.gives,available,7.48,37.98,high,low,5,namecheap,,,25/09/2026 19:55
b3992bc4-863b-4da7-8543-af4d15b05020,overjoy.gives,available,21.7,21.7,high,low,7,cloudflare,,,30/09/2026 21:15
0d402fff-2ebd-41e9-aa54-94dd20b1a19f,subtropical.gives,available,21.7,21.7,medium,low,11,cloudflare,,,01/10/2026 16:02
338267e5-4184-4eb7-bc06-1d44c0989071,nigerian.gives,available,7.48,37.98,high,low,8,namecheap,,,03/09/2026 17:12
4d780bf6-5335-4398-ab0c-e94a814eb8c6,preferred.gives,available,5.99,40.99,high,low,9,name.com,,,09/08/2026 17:53
6047d2b2-d8b0-4bd0-b957-919106458250,tramontana.gives,available,7.48,37.98,medium,low,10,namecheap,,,11/09/2026 18:50
92f318eb-1673-4f03-86d2-211a908afb65,forgetting.gives,available,6.41,22.39,high,low,10,spaceship,,,01/10/2026 18:31
bc524511-001d-490d-8631-3c4512b472ae,taft.gives,available,6.41,22.39,high,low,4,spaceship,,,29/09/2026 07:29
e3e5412b-6358-4ad0-8008-4c9aec124dcf,anchorite.gives,available,14.99,23.99,medium,low,9,namesilo,,,19/09/2026 03:44
9cdfb881-f435-440e-9125-3b03699b4a02,acquiring.gives,available,14.99,23.99,high,low,9,namesilo,,,17/09/2026 02:42
f442635d-18f2-49f9-89a9-ff9d6a68c4b4,bathtub.gives,available,7.48,37.98,high,low,7,namecheap,,,22/09/2026 13:40
0b570254-8258-4fa7-8976-7a5a4329fde8,ambiguous.gives,available,5.99,40.99,high,low,9,name.com,,,
9dce5bed-2e5c-425f-984a-aa8f7a0255d5,skim.gives,available,7.48,37.98,high,low,4,namecheap,,,10/09/2026 09:32
28b87244-08bc-49aa-8efb-c955225704cb,parenteral.gives,available,7.48,37.98,medium,low,10,namecheap,,,08/09/2026 01:19
30df4362-ae9b-4539-b744-fc703fe9b2dc,lodge.gives,available,11.99,23.01,high,low,5,dynadot,,,28/09/2026 23:14
9a44b662-f684-447f-91bc-fa520045a4a1,teutonic.gives,available,7.48,37.98,medium,low,8,namecheap,,,11/09/2026 12:13
026b4e5b-90a4-40bd-85b0-b55ab4a761af,vindicated.gives,available,7.48,37.98,high,low,10,namecheap,,,08/09/2026 05:23
08a14c99-21c8-4fe5-96d1-5301169b556a,parasites.gives,available,14.99,23.99,medium,low,9,namesilo,,,29/09/2026 22:54
69b372ac-9900-45cc-9c6a-a670055f3da1,avatar.gives,available,14.99,23.99,high,high,6,namesilo,,,21/09/2026 08:49
32f8da9f-9016-4d79-b507-ced7048b63c8,stamina.gives,available,14.99,23.99,high,low,7,namesilo,,,30/09/2026 18:50
1e2a21b2-9a63-4eb9-afd2-4ee6a20f7dde,suspected.gives,available,7.48,37.98,medium,low,9,namecheap,,,11/09/2026 04:53
092107f0-8785-4b76-891a-a3d45b79555b,chilean.gives,available,5.99,40.99,high,low,7,name.com,,,12/08/2026 05:15
bfb2707a-4300-4d72-9475-2117d59c75d2,fortune.gives,available,14.99,23.99,high,low,7,namesilo,,,29/09/2026 09:17
d7e3a52c-e9d5-4002-acd3-875e1bb07754,bedfordshire.gives,available,11.99,23.01,medium,low,12,dynadot,,,30/09/2026 12:54
3b6b2c14-bc81-4f76-b700-f873a333c4a4,gentry.gives,available,5.99,22.66,high,low,6,porkbun,,,01/10/2026 19:44
fec2ed90-2523-471b-95df-9df0fcb6ea35,barn.gives,available,7.48,37.98,high,low,4,namecheap,,,29/09/2026 01:11
184ce709-dbb4-4b47-a429-8283d70a4fdf,fluorescent.gives,available,11.99,23.01,high,low,11,dynadot,,,30/09/2026 19:26
ab09b4b8-1f0d-4ab9-9396-8687319c0473,mosey.gives,available,14.99,23.99,medium,low,5,namesilo,,,18/09/2026 17:00
e94d3b04-3d4f-4916-bba0-b9ac196e61c4,beliefs.gives,available,6.41,22.39,medium,low,7,spaceship,,,28/09/2026 17:24
0f2819cb-dc55-4820-bb3f-bead016e66ac,plundered.gives,available,5.99,40.99,medium,low,9,name.com,,,24/08/2026 09:47
b6c39ec7-404e-417a-bcb9-347bc02bcf47,unpackaged.gives,available,7.48,37.98,medium,low,10,namecheap,,,12/09/2026 16:23
acbcb3c2-90fc-43e0-8048-4b7c1d501836,prosser.gives,available,21.7,21.7,high,low,7,cloudflare,,,30/09/2026 12:49
361ed705-1eae-4ed7-bc2d-cb1f08ebc1f2,experimental.gives,available,11.99,23.01,high,low,12,dynadot,,,01/10/2026 06:24
c59c624e-0589-48f7-8834-4d6707252e32,yazoo.gives,available,6.41,22.39,medium,low,5,spaceship,,,29/09/2026 20:37
5e501851-cc74-4bfb-89b7-31bc9ddb0fff,irritable.gives,available,14.99,23.99,medium,low,9,namesilo,,,25/09/2026 11:30
6b272d91-d252-44e6-9c48-4b94b120296f,pcm.gives,available,11.99,23.01,high,low,3,dynadot,,,30/09/2026 19:38
44137088-e624-4ab5-930a-394fbce63d8a,anhidrosis.gives,available,14.99,23.99,medium,low,10,namesilo,,,19/09/2026 07:47
ddc82075-a185-469f-8bb3-802ad5d2bde5,existent.gives,available,5.99,40.99,high,low,8,name.com,,,
6d923ae9-5705-4f2a-9561-909ded88603b,optimal.gives,available,7.48,37.98,high,low,7,namecheap,,,04/09/2026 17:01
5bdfedad-6d30-4168-bada-c5bca10f438e,boards.gives,available,11.99,23.01,high,low,6,dynadot,,,29/09/2026 03:05
eb1a4025-ef27-4b40-8c3c-46e4bf62c32b,beet.gives,available,14.99,23.99,high,low,4,namesilo,,,23/09/2026 01:49
1011a4bc-d968-421b-a480-15f4f77fd04d,followed.gives,available,14.99,23.99,medium,low,8,namesilo,,,25/09/2026 17:12
23d4b9af-7c33-4bce-ae46-058c63d8d4ff,circumstance.gives,available,14.99,23.99,high,low,12,namesilo,,,29/09/2026 08:31
c8aaca15-4a82-44c6-94ed-fa02b9d02db3,scythian.gives,available,7.48,37.98,medium,low,8,namecheap,,,10/09/2026 00:28
5b0c05c2-2716-4981-8b76-cda39a100d43,unsparing.gives,available,5.99,40.99,medium,low,9,name.com,,,22/08/2026 21:11
7e0a104c-ccf7-4d8a-82af-75b0a2015452,entrenched.gives,available,14.99,23.99,medium,low,10,namesilo,,,24/09/2026 14:13
455dfaea-9087-4e21-8ff1-7e12e77e719e,deluxe.gives,available,5.99,40.99,high,low,6,name.com,,,13/08/2026 19:11
52bf33bb-8029-4b2e-b007-2edf62d2a0f4,abbey.gives,available,14.99,23.99,high,low,5,namesilo,,,16/09/2026 14:25
a333c92c-3fec-4a64-86fd-b82a488ab907,exalt.gives,available,5.99,40.99,high,low,5,name.com,,,
1a74f150-4387-4af3-8f63-749ff57bfbf9,vigilantly.gives,available,14.99,23.99,medium,low,10,namesilo,,,16/09/2026 10:54
d3d2ccc6-3d1c-4171-a8e4-c3807afd704f,dentistry.gives,available,14.99,23.99,high,low,9,namesilo,,,24/09/2026 21:55
1e5b65af-4b64-4645-855f-6bfcd429ca69,avicennia.gives,available,14.99,23.99,medium,low,9,namesilo,,,21/09/2026 09:24
bcf4e107-1d31-4ea9-a32d-1c961c3a1bc1,view.gives,available,11.99,23.01,high,medium,4,dynadot,,,29/09/2026 18:48
b471b5e4-0b72-4244-bf6f-d59f585fef50,tetrad.gives,available,5.99,40.99,medium,low,6,name.com,,,
05417856-928f-47e0-8bb7-966bd341ae76,wiry.gives,available,5.99,40.99,medium,low,4,name.com,,,10/09/2026 22:42
077367b7-e53b-4f66-8070-c915d167d772,blackface.gives,available,7.48,37.98,medium,low,9,namecheap,,,24/09/2026 02:15
7dd283d4-5b8f-4662-8612-ab019c600648,olga.gives,available,14.99,23.99,medium,low,4,namesilo,,,27/09/2026 01:37
1e52cb78-b1ba-4492-9ae3-7082122169fc,engel.gives,available,21.7,21.7,high,low,5,cloudflare,,,28/09/2026 04:50
ef265a60-e674-473e-a643-1e22406a1c55,forsaking.gives,available,14.99,23.99,medium,low,9,namesilo,,,16/09/2026 13:59
af2f22bd-d32b-415d-8eae-a50621319e7e,apathetic.gives,available,5.99,40.99,medium,low,9,name.com,,,05/08/2026 22:04
6642851d-e7a9-48fc-bc23-e1d6015ec007,clinging.gives,available,21.7,21.7,medium,low,8,cloudflare,,,30/09/2026 19:49
c6184dd8-101d-4aa1-9eeb-fd1b5acf788c,glaser.gives,available,6.41,22.39,high,low,6,spaceship,,,30/09/2026 01:21
31648c80-7c06-43fc-8f62-804e65c35200,pectoralis.gives,available,7.48,37.98,medium,low,10,namecheap,,,08/09/2026 12:06
310969d9-be6a-4ca7-a782-4f8202d65ba4,dysfunctional.gives,available,14.99,23.99,medium,low,13,namesilo,,,30/09/2026 11:37
d6ba7019-fa0e-4792-88dc-d1ea13a0a605,emboldened.gives,available,5.99,40.99,high,low,10,name.com,,,16/08/2026 10:22
b5f08583-1312-4045-af5e-2a9163e0de7f,evenly.gives,available,7.48,37.98,medium,low,6,namecheap,,,14/09/2026 16:30
a33e0578-f9ed-4426-85e9-c51a975c4525,atarax.gives,available,7.48,37.98,medium,low,6,namecheap,,,20/09/2026 19:30
92d01ad0-c498-4712-8274-3ead3543b339,bakunin.gives,available,7.48,37.98,medium,low,7,namecheap,,,21/09/2026 20:26
64e00995-7e66-4ca8-81f9-9058a98759c1,wai.gives,available,14.99,23.99,high,low,3,namesilo,,,29/09/2026 02:52
69e8d209-937b-40d2-b054-d9733170af95,vladivostok.gives,available,6.41,22.39,high,low,11,spaceship,,,29/09/2026 15:13
7f4d6890-a41f-4f7b-8270-7f71a3d4d62f,cerulean.gives,available,5.99,40.99,high,low,8,name.com,,,08/08/2026 03:10
e692fb61-89cc-4673-94c4-4d7a83d4907e,anthesis.gives,available,5.99,40.99,high,low,8,name.com,,,18/08/2026 09:06
3ac22db7-ac0e-4a23-9cd3-36fa4d8ad823,collects.gives,available,14.99,23.99,medium,low,8,namesilo,,,29/09/2026 17:04
be5085b7-c142-4f5f-94c7-0b17ff5a1422,prep.gives,available,42.99,42.99,high,low,4,godaddy,,,28/09/2026 02:07
c2f93772-1856-4e0e-97fa-de38b3d68746,towed.gives,available,5.99,,medium,low,5,name.com,,,
cd4009c4-b955-48b3-aae9-972f14b4985f,productions.gives,available,7.48,37.98,medium,low,11,namecheap,,,30/09/2026 00:05
37e9982f-26e4-45f0-ac66-872a0adf389e,phoney.gives,available,5.99,40.99,medium,low,6,name.com,,,08/08/2026 23:14
8a19b6b5-78a5-418d-9fe3-f570cf001494,robberies.gives,available,7.48,37.98,low,low,9,namecheap,,,30/09/2026 07:24
315d0186-920b-49fd-840d-9ef2a5b55f05,rallying.gives,available,7.48,37.98,high,medium,8,namecheap,,,09/09/2026 09:56
8b77bc11-daef-44b5-8498-6736f25367a8,oppression.gives,available,21.7,21.7,medium,low,10,cloudflare,,,29/09/2026 13:36
64e190e3-2b9e-48eb-9b79-5214ad5ed932,antagonist.gives,available,14.99,23.99,high,low,10,namesilo,,,17/09/2026 10:48
d3047633-5556-47f2-acdc-da84e4fc269a,steward.gives,available,6.41,22.39,high,low,7,spaceship,,,28/09/2026 18:50
887ce56d-99e1-4dc7-910e-aa841f96c2f5,leukaemia.gives,available,14.99,23.99,medium,low,9,namesilo,,,24/09/2026 11:59
908a6a08-b115-44dd-9ffb-d023bea29aef,groups.gives,available,5.99,,high,low,6,name.com,,,
a2ec4d89-5e95-4bb3-910e-2de85ef5d8c6,performing.gives,available,5.99,40.99,high,low,10,name.com,,,
aaa8fbb7-fae1-411a-8475-b57a874b9479,coventry.gives,available,14.99,23.99,medium,low,8,namesilo,,,22/09/2026 02:09
dbd2f021-47a0-4609-a414-ceaa33a6c900,clarke.gives,available,6.41,22.39,high,medium,6,spaceship,,,29/09/2026 17:07
d53ce819-e4a1-4f28-ba15-a9c51967ba3e,yellow.gives,available,14.99,23.99,high,medium,6,namesilo,,,23/09/2026 14:15
743376c5-6e2e-4ff3-9663-267a7d01e71e,armpit.gives,available,7.48,37.98,high,low,6,namecheap,,,20/09/2026 07:34
d06f2be1-1ff1-4297-98f6-c2dd2b4f58f2,tress.gives,available,7.48,37.98,medium,low,5,namecheap,,,24/09/2026 07:57
8d6f3373-a923-4e5d-ad9c-20b0e7ccaa20,preserve.gives,available,14.99,23.99,high,low,8,namesilo,,,24/09/2026 17:28
d5e70c72-7dee-49b6-957e-524e6339fe80,cuban.gives,available,5.99,40.99,high,low,5,name.com,,,13/08/2026 09:47
f3fe8f05-dc9c-4e22-b4f8-e5f289b50933,hodges.gives,available,7.48,37.98,medium,low,6,namecheap,,,25/09/2026 19:37
dbe67289-9dc8-4fdb-9594-0adea1f9be23,miffed.gives,available,5.99,40.99,medium,low,6,name.com,,,
22f81e27-e1f8-4d7d-8fe2-973bd2279523,leningrad.gives,available,6.41,22.39,medium,low,9,spaceship,,,01/10/2026 20:17
033c84a3-22ec-4381-b1e3-ebfa1ada80d9,khz.gives,available,14.99,23.99,high,low,3,namesilo,,,25/09/2026 08:09
907fd0e7-f969-4290-b7db-110a16573806,teddy.gives,available,14.99,23.99,high,low,5,namesilo,,,24/09/2026 14:16
0003c05d-9475-40e8-900a-98f663f8e102,campanile.gives,available,14.99,23.99,high,medium,9,namesilo,,,23/09/2026 04:55
698b3603-e295-4e56-93e6-817788a57a1f,artemis.gives,available,14.99,23.99,high,medium,7,namesilo,,,20/09/2026 10:12
f0f57c43-c8dd-49f2-9ff6-a0d378aec74a,architect.gives,available,14.99,23.99,high,low,9,namesilo,,,20/09/2026 02:11
9c7334cd-c82a-4d9e-93d9-262ba7a27e9e,post.gives,available,14.99,23.99,high,medium,4,namesilo,,,29/09/2026 02:12
c981ca15-6ea7-4601-9870-6189d4995f09,sunglasses.gives,available,14.99,23.99,high,low,10,namesilo,,,29/09/2026 06:30
d7f4fb86-642b-4d8f-a4b8-3aef468d4d3b,apatite.gives,available,14.99,23.99,medium,low,7,namesilo,,,19/09/2026 16:18
c90a9505-2c0c-4bca-a16b-3fa9ca7841b4,argil.gives,available,14.99,23.99,medium,low,5,namesilo,,,20/09/2026 04:20
f2648a4b-ad25-4032-9090-26e3e79054c5,stakeholder.gives,available,14.99,23.99,high,low,11,namesilo,,,29/09/2026 08:31
9b5af903-3041-4153-8408-13a173de8498,zip.gives,available,7.48,37.98,high,low,3,namecheap,,,03/09/2026 22:43
ee47c7a0-2ee8-4227-82e1-a76feb7ae9a1,ipswich.gives,available,21.7,21.7,high,low,7,cloudflare,,,27/09/2026 19:23
b280e8e0-e789-4440-ae95-b0e643492d75,nemesis.gives,available,14.99,23.99,high,low,7,namesilo,,,22/09/2026 01:42
0b91fb25-12c7-4780-ab2b-420e639d9554,baksheesh.gives,available,14.99,23.99,high,low,9,namesilo,,,21/09/2026 15:52
eb9ff3bf-3adc-4db9-bcd7-a62583c3316b,themselves.gives,available,14.99,23.99,medium,low,10,namesilo,,,25/09/2026 16:52
19a9269f-1072-4259-ac7b-0842dc11566d,atrophic.gives,available,5.99,40.99,medium,low,8,name.com,,,07/08/2026 14:52
1febecc9-0141-42a2-a4d7-78922b4a2d87,liaoning.gives,available,7.48,37.98,medium,low,8,namecheap,,,30/09/2026 13:11
a8f793c4-2dd3-46db-a5ca-b8d2e651c488,barbarians.gives,available,11.99,23.01,medium,low,10,dynadot,,,01/10/2026 00:21
d735d912-ef55-4821-945f-ee97c72edb4f,customary.gives,available,5.99,40.99,high,low,9,name.com,,,13/08/2026 12:29
ab962caf-deb0-4000-ab13-81c0b57f6b24,bermudian.gives,available,5.99,40.99,medium,low,9,name.com,,,09/08/2026 15:15
f4e98d1f-20fc-4f65-addf-677328fba8ec,stative.gives,available,7.48,37.98,medium,low,7,namecheap,,,10/09/2026 19:14
14777da0-02b9-4bde-aa1e-c0462da51f10,masted.gives,available,5.99,40.99,medium,low,6,name.com,,,24/08/2026 16:45
6a8bd110-6604-4e55-a65f-275411fb826f,allah.gives,available,7.48,37.98,high,low,5,namecheap,,,18/09/2026 09:44
a29a429a-06f3-4e04-82c9-5cee9570f182,scatty.gives,available,5.99,40.99,medium,low,6,name.com,,,
0fd7660d-73d0-4d42-a8a9-1651919efcc0,areola.gives,available,14.99,23.99,medium,low,6,namesilo,,,20/09/2026 03:49
005b450c-f6c3-45d7-bc57-9a6206315e32,undeterred.gives,available,7.48,37.98,medium,low,10,namecheap,,,12/09/2026 07:59
c514aee4-8d2d-4759-a712-cb4072f7b2e6,sounds.gives,available,14.99,23.99,high,low,6,namesilo,,,25/09/2026 17:10
920f605d-428f-48d9-b7d1-063c5e54ea3f,fractional.gives,available,5.99,40.99,high,low,10,name.com,,,18/08/2026 13:52
18720d1e-8778-41ef-8859-0f18b7d46dce,selfmade.gives,available,7.48,37.98,high,low,9,namecheap,,,10/09/2026 02:03
a41cdf5d-23cb-4d84-9d78-5feeb4f00d89,kafkaesque.gives,available,5.99,40.99,medium,low,10,name.com,,,22/08/2026 15:04
a89b7c9d-9c27-4980-892e-18a0b36801d6,sixfold.gives,available,7.48,37.98,medium,low,7,namecheap,,,10/09/2026 05:21
fb53f527-84f6-4df1-a2af-d536b50e3c4d,por.gives,available,6.41,22.39,medium,low,3,spaceship,,,28/09/2026 21:27
d632b93b-1ee3-46ca-afe7-f58ab403413c,outfits.gives,available,6.41,22.39,medium,low,7,spaceship,,,28/09/2026 23:41
d3f76a88-4379-47c4-b91b-f9ecd44f3cca,tides.gives,available,14.99,23.99,medium,low,5,namesilo,,,29/09/2026 23:02
941390a8-c374-45d3-a1ef-7452a564fd0d,unvented.gives,available,7.48,37.98,low,low,8,namecheap,,,12/09/2026 22:11
89615b02-1874-4fd6-892b-8e58435ad8ca,syllabic.gives,available,7.48,37.98,high,low,8,namecheap,,,11/09/2026 05:58
bb94fb08-db9d-4d18-bd0f-b58d382fa239,dryers.gives,available,14.99,23.99,medium,low,6,namesilo,,,21/09/2026 07:40
abaa892c-12ff-4150-b8a7-cd23981afa9d,fetching.gives,available,5.99,40.99,high,low,8,name.com,,,18/08/2026 02:20
114b4b86-da58-436e-a4ad-9e2cad82284c,unmarked.gives,available,7.48,37.98,medium,low,8,namecheap,,,04/09/2026 21:06
980c2c76-0751-466b-a0fd-c0e31e9fbbe7,exaggerated.gives,available,14.99,23.99,medium,low,11,namesilo,,,29/09/2026 14:24
f07e19e2-e080-4a2e-a310-12a7a1f4f5c2,hoops.gives,available,14.99,23.99,high,low,5,namesilo,,,29/09/2026 01:29
901e31b8-22e9-4ed8-b709-062ee5c99706,conducted.gives,available,5.99,,medium,low,9,name.com,,,
0a1c9232-2974-4eb1-8b79-5871c09b5647,destroyed.gives,available,7.48,37.98,medium,low,9,namecheap,,,24/09/2026 07:01
583c0828-4c87-424e-b282-1ac82edaa408,continuant.gives,available,5.99,40.99,medium,low,10,name.com,,,12/08/2026 23:17
249301f7-1779-44f2-8339-5eea077c66d0,hands.gives,available,7.48,37.98,high,low,5,namecheap,,,08/09/2026 04:01
848044c1-cdf0-4ed1-b53e-2ffb412f549c,lammas.gives,available,14.99,23.99,medium,low,6,namesilo,,,21/09/2026 03:43
f076ae3e-3d8a-4c11-862c-387a6eab897e,bae.gives,available,6.41,22.39,high,low,3,spaceship,,,02/10/2026 04:02
8a126fb5-c8fd-416d-b60d-9fc6ff113b82,donkeys.gives,available,14.99,23.99,medium,low,7,namesilo,,,20/09/2026 00:20
973a3dee-b3d1-4abd-bb07-d69672798f37,lane.gives,available,6.41,22.39,high,low,4,spaceship,,,30/09/2026 02:05
a420ca86-b9e1-45d1-86d0-53430ea2c21e,helping.gives,available,21.7,21.7,high,low,7,cloudflare,,,29/09/2026 22:38
7e496fd5-3c71-45cb-9477-aad319b51631,bmi.gives,available,14.99,23.99,high,medium,3,namesilo,,,24/09/2026 06:19
a16f17a7-2ff0-43a4-89cc-b05b0c98f981,adds.gives,available,5.99,40.99,medium,low,4,name.com,,,18/09/2026 14:32
073b5693-8323-432e-b812-bf45856fe27c,campaigner.gives,available,6.41,22.39,medium,low,10,spaceship,,,29/09/2026 06:13
3a775c08-18a8-4861-871a-bb859507695f,ballard.gives,available,6.41,22.39,high,low,7,spaceship,,,29/09/2026 22:22
936e2fbe-194c-428c-b144-44df82ede3de,clerk.gives,available,14.99,23.99,high,low,5,namesilo,,,29/09/2026 10:01
ab4193ed-f111-4ac3-a4eb-3217d2a1cac1,sydney.gives,premium,1107,1107,high,low,6,namesilo,,,25/09/2026 10:47
f742d3ee-3ef3-4579-818f-87b24530d531,camden.gives,available,7.48,37.98,high,low,6,namecheap,,,30/09/2026 16:35
62be12c8-cfda-4158-bf98-2c8dbfb33ce4,sideway.gives,available,7.48,37.98,high,medium,7,namecheap,,,10/09/2026 07:47
fddea501-aeaf-4051-9065-45f3c3bba0f6,indignant.gives,available,5.99,40.99,medium,low,9,name.com,,,22/08/2026 00:59
705ec7f2-00f8-48bf-8dc1-adbd31d02773,annoy.gives,available,5.99,22.66,high,low,5,porkbun,,,29/09/2026 14:37
86c51bf3-d56f-4617-86a1-f26f15cb1ad7,strongest.gives,available,7.48,37.98,medium,low,9,namecheap,,,28/09/2026 12:52
545220f8-30f3-43fb-9d04-0076d9d9a9b5,asparagus.gives,available,14.99,23.99,high,low,9,namesilo,,,20/09/2026 14:40
5ad6e1b0-bb41-4bad-b507-e76e1ffeb2c3,clientele.gives,available,7.48,37.98,high,low,9,namecheap,,,24/09/2026 15:37
03bb29a3-3c4d-4b66-a1c5-f3fb8c68a8a5,fdic.gives,available,42.99,42.99,medium,low,4,godaddy,,,30/09/2026 01:36
0db85b0e-1846-4ff6-9882-05a2061ce476,apprentice.gives,available,14.99,23.99,high,low,10,namesilo,,,19/09/2026 22:15
ba7f81b1-4700-493f-b884-f9115cec7be9,czechoslovakia.gives,available,5.99,,medium,low,14,name.com,,,
b1fecacd-c604-45fe-8687-ae79a4653519,unforgettable.gives,available,14.99,23.99,high,low,13,namesilo,,,01/10/2026 05:39
7af5811f-2f5b-4dac-852a-bf904eadacd4,benefits.gives,available,6.41,22.39,medium,low,8,spaceship,,,27/09/2026 23:08
902abdf4-fc71-42cc-bbe0-ab9ef4f28539,cheered.gives,available,14.99,23.99,medium,low,7,namesilo,,,30/09/2026 15:15
97e88b57-456a-40fe-a6b7-4c288f017121,phillips.gives,available,7.48,37.98,high,low,8,namecheap,,,25/09/2026 18:30
c520b0e8-0dab-414e-8bbd-fbfdce00bf3b,ravenous.gives,available,5.99,40.99,medium,low,8,name.com,,,15/08/2026 06:13
28d291f2-9003-4fb7-9933-3fe7f2f70e56,pentatonic.gives,available,7.48,37.98,medium,low,10,namecheap,,,08/09/2026 15:05
357207b5-fb73-4be7-840d-87b7b029b6cc,scanty.gives,available,7.48,37.98,medium,low,6,namecheap,,,09/09/2026 22:38
7ff1c9f4-795d-4cfb-8f98-1cfe4646d627,albert.gives,available,14.99,23.99,high,low,6,namesilo,,,18/09/2026 02:35
6a03a604-7334-420c-a932-85f08513485c,farr.gives,available,7.48,37.98,medium,low,4,namecheap,,,28/09/2026 22:15
0535070f-9c50-46d8-b5a5-7c0dcdacdbf3,blessedly.gives,available,7.48,37.98,medium,low,9,namecheap,,,14/09/2026 00:19
bf1a886f-1c2d-4bde-9947-40ed1601d03e,disclosure.gives,available,11.99,23.01,high,low,10,dynadot,,,27/09/2026 13:47
40327db4-4730-47e0-a576-934e8c564055,rhythm.gives,available,14.99,23.99,high,low,6,namesilo,,,25/09/2026 22:02
4fc97363-2ccf-4921-9b35-d3f0a295ebf3,telluric.gives,available,7.48,37.98,medium,low,8,namecheap,,,11/09/2026 10:39
5f4fea5f-8787-4414-9da1-57d069fcf646,newest.gives,available,7.48,37.98,high,low,6,namecheap,,,18/09/2026 15:57
81cdb1a0-4f34-4683-8e87-a8722ffe0e65,behmen.gives,available,14.99,23.99,medium,low,6,namesilo,,,23/09/2026 03:43
9ea0f828-30a7-49f8-bc21-c920d6b27c37,stilted.gives,available,7.48,37.98,medium,low,7,namecheap,,,10/09/2026 20:37
ee72d3f8-79c2-4b4b-8a12-e9670a9b5b42,commander.gives,available,7.48,37.98,high,low,9,namecheap,,,17/09/2026 22:14
42a72ea5-ff8a-4fc5-9583-572cbc8297c6,vagal.gives,available,7.48,37.98,medium,low,5,namecheap,,,08/09/2026 22:07
a693cb24-8f87-4810-aa94-c2b52a611edc,haircut.gives,available,14.99,23.99,high,low,7,namesilo,,,29/09/2026 21:56
c6387b9f-5103-42eb-a1b1-46c5555cd9d3,lansing.gives,available,11.99,23.01,high,low,7,dynadot,,,30/09/2026 16:35
eb788918-108b-4fe2-93ea-2269e8078912,meadows.gives,available,14.99,23.99,high,low,7,namesilo,,,29/09/2026 11:15
173ba9b0-71dd-4610-b83b-68cef9ac323a,genially.gives,available,7.48,37.98,medium,low,8,namecheap,,,13/09/2026 17:52
ec1842b5-3aa0-49f3-b9d2-18c9f19e3b21,flinty.gives,available,5.99,40.99,medium,low,6,name.com,,,18/08/2026 08:18
5e706ff5-ae4b-45f7-8441-6a7855216d9e,mailing.gives,available,6.41,22.39,high,low,7,spaceship,,,30/09/2026 02:11
31d3eeab-dc08-4188-b5dd-ee030ddfe360,indicates.gives,available,14.99,23.99,medium,low,9,namesilo,,,28/09/2026 08:19
39b28835-2128-4b25-af70-3b39317e6ec5,soccer.gives,available,21.7,21.7,high,low,6,cloudflare,,,28/09/2026 22:49
7af496b3-f696-4c45-a83c-6cf870e93689,hyalin.gives,available,5.99,40.99,medium,low,6,name.com,,,21/08/2026 16:10
35abb459-16e8-4206-b4b6-2743a05be2a3,curves.gives,available,5.99,,medium,low,6,name.com,,,
637fc962-fffc-45c0-92c5-4a635efc9d1d,roundly.gives,available,7.48,37.98,medium,low,7,namecheap,,,14/09/2026 00:45
9dda7b03-e091-4676-8cc7-f7ce0aa82796,papery.gives,available,5.99,40.99,medium,low,6,name.com,,,12/08/2026 02:43
d4b5a155-9452-40cc-8bf8-916fb5739c72,minute.gives,available,14.99,23.99,high,low,6,namesilo,,,25/09/2026 09:28
91e28613-9566-415d-8c2f-49e94ff4e819,pattern.gives,available,5.99,40.99,high,low,7,name.com,,,25/08/2026 02:49
904ebc32-7174-4e32-8152-fb7fc8f16143,tactics.gives,available,14.99,23.99,high,low,7,namesilo,,,01/10/2026 10:43
bbbb1ca0-5e19-4523-b112-6ef521ab6309,affair.gives,available,14.99,23.99,high,low,6,namesilo,,,17/09/2026 13:59
25a7e473-b3fe-4a68-90a5-6d4a9c07cd5f,rey.gives,available,14.99,23.99,high,low,3,namesilo,,,25/09/2026 16:30
0e8cee96-5172-4af7-a516-8af1e8a716d6,corrective.gives,available,14.99,23.99,high,low,10,namesilo,,,23/09/2026 23:46
74d8182c-2872-4899-90f1-3f177fcd6070,symons.gives,available,14.99,23.99,medium,low,6,namesilo,,,20/09/2026 11:07
96562d2b-6b55-41d0-a6a3-2260a8f7f10b,sql.gives,available,5.99,22.66,high,low,3,porkbun,,,28/09/2026 04:28
9b04c79d-2632-44b2-a941-51546a0e1992,picasso.gives,available,11.99,23.01,high,low,7,dynadot,,,28/09/2026 20:04
9c8b41e6-fc7e-46ee-ac48-3ff9259041a1,allow.gives,available,5.99,40.99,high,low,5,name.com,,,06/08/2026 09:03
82420006-74f2-4496-b145-a13f8570b702,jockstrap.gives,available,7.48,37.98,medium,low,9,namecheap,,,20/09/2026 21:10
7ff2083e-926f-4410-a36d-724c8e18fbe8,billyo.gives,available,5.99,40.99,medium,low,6,name.com,,,18/09/2026 09:10
8f17ce91-01cd-49f9-a57a-053d76d5b149,northfield.gives,available,14.99,23.99,medium,low,10,namesilo,,,29/09/2026 10:07
1b5342b5-8f4d-4be9-a0da-7b92a92a93e4,illegitimate.gives,available,11.99,23.01,medium,low,12,dynadot,,,30/09/2026 03:36
31cb8ed1-cbe7-42d5-a434-d0cc20c9863e,duckling.gives,available,7.48,37.98,high,low,8,namecheap,,,25/09/2026 00:17
3f29089d-e95b-4784-a76a-6e8fef460413,ameboid.gives,available,5.99,40.99,medium,low,7,name.com,,,
e5ea4da4-5016-4667-ba27-81d5392bb0c8,landwards.gives,available,7.48,37.98,medium,low,9,namecheap,,,15/09/2026 10:41
63f97403-0990-4c83-81f8-d410ada461e4,architectural.gives,available,21.7,21.7,medium,low,13,cloudflare,,,29/09/2026 08:50
c12469f6-4cc4-4f76-b41c-a13b85d0c97b,restrictive.gives,available,14.99,23.99,medium,low,11,namesilo,,,01/10/2026 06:03
8d30bba1-6424-4d96-ad9a-6cc554fd19de,township.gives,available,21.7,21.7,high,low,8,cloudflare,,,30/09/2026 19:01
974ddddf-7d20-4a55-86a5-8cfbdcc32816,affiliate.gives,available,11.99,23.01,high,low,9,dynadot,,,28/09/2026 19:17
54f8bd16-10d9-4684-8239-e1a631516c13,supplied.gives,available,5.99,,medium,low,8,name.com,,,
a2eb7fdb-9fc4-4d08-be01-d85453e93a9c,imagining.gives,available,21.7,21.7,high,low,9,cloudflare,,,29/09/2026 14:49
b544ab9a-6d4f-4532-9a10-cce8b2b83dfc,full.gives,available,14.99,23.99,high,low,4,namesilo,,,24/09/2026 14:07
474bb8a6-2b86-4398-91af-c1acbe00ca1f,kochia.gives,available,7.48,37.98,medium,low,6,namecheap,,,22/09/2026 12:18
f71a68f7-b839-48c5-bc83-57b405a05091,places.gives,available,5.99,,high,low,6,name.com,,,
26baa788-2acc-4c54-8e8a-207621c39d23,brumal.gives,available,5.99,40.99,medium,low,6,name.com,,,11/08/2026 06:36
26c67c48-e226-4304-96e1-a0130ac0714d,pictures.gives,available,7.48,37.98,high,low,8,namecheap,,,29/09/2026 19:18
98906630-033b-4443-9ba7-e19ccf1b1675,rachael.gives,available,6.41,22.39,medium,low,7,spaceship,,,30/09/2026 04:45
43984bcc-ee5e-4659-8e45-b51190dace0c,twin.gives,available,14.99,23.99,high,low,4,namesilo,,,28/09/2026 09:41
8ec3cad2-0dd3-435d-b2e0-57d1fd732151,areopagus.gives,available,14.99,23.99,medium,low,9,namesilo,,,20/09/2026 03:52
486e0d9d-ec01-4882-9bb2-93f6ed3cc4e3,jamieson.gives,available,6.41,22.39,high,low,8,spaceship,,,29/09/2026 22:21
903071cb-c6ce-4dc7-ad50-49c6bac1a4c1,row.gives,available,14.99,23.99,high,low,3,namesilo,,,25/09/2026 05:05
e4afbb51-dad8-4771-bfc3-b0b274432270,unshaved.gives,available,7.48,37.98,medium,low,8,namecheap,,,12/09/2026 19:42
558184af-3daa-4642-accc-ad02e7763525,upmost.gives,available,7.48,37.98,medium,low,6,namecheap,,,11/09/2026 17:50
bd5ce545-bc2c-4663-bc12-446da2d58eed,spaceman.gives,available,7.48,37.98,high,low,8,namecheap,,,20/09/2026 17:58
d49a0ba9-2b51-433b-97f2-3769decbb336,cursorial.gives,available,5.99,40.99,medium,low,9,name.com,,,13/08/2026 11:40
86a93cc9-128f-4b9c-a0b3-4968b541e085,areas.gives,available,14.99,23.99,medium,low,5,namesilo,,,27/09/2026 10:01
348f5c63-7fdf-40e3-9543-0c3fe1e1ccde,cannibal.gives,available,7.48,37.98,medium,low,8,namecheap,,,19/09/2026 13:56
8bd6fb70-2bf0-4084-be4d-4b36746227a3,brenner.gives,available,21.7,21.7,medium,low,7,cloudflare,,,28/09/2026 22:08
612e9826-c348-4bce-b0c0-25cc33ea3c31,timer.gives,available,14.99,23.99,high,low,5,namesilo,,,30/09/2026 13:16
fbbf8463-d6d2-41af-802c-605f0502ad9f,sesotho.gives,available,14.99,23.99,medium,low,7,namesilo,,,22/09/2026 13:00
f440a0b1-fbb1-4dc3-90ef-dbc87fc45229,hospice.gives,available,6.41,22.39,high,low,7,spaceship,,,01/10/2026 20:00
0ededc18-3a7b-40d7-8c88-c5e8b9fd9c69,python.gives,available,11.99,23.01,high,low,6,dynadot,,,29/09/2026 13:44
cb283e03-80af-4f92-b70d-3b1f173e860b,annulet.gives,available,14.99,23.99,medium,low,7,namesilo,,,19/09/2026 10:59
c9951b1e-a9d9-4a54-b583-fddf296d43c2,colourless.gives,available,5.99,40.99,medium,low,10,name.com,,,12/08/2026 17:55
e0acd2bb-9e4b-4bbe-ac9d-21ec90f64dd3,nagano.gives,available,6.41,22.39,medium,low,6,spaceship,,,30/09/2026 18:06
f8c06fe3-920f-489f-b025-fd71b286c67a,heroic.gives,available,14.99,23.99,high,low,6,namesilo,,,24/09/2026 14:31
20ed17cd-6e38-4b61-be7c-3208ae436e0a,mode.gives,available,6.41,22.39,high,low,4,spaceship,,,28/09/2026 16:43
5c476ad4-ca65-42e7-b2dc-f0504cd301fa,tsr.gives,available,6.41,22.39,high,low,3,spaceship,,,01/10/2026 06:45
151c8c00-8413-44cb-85de-aff90eecd4c5,brought.gives,available,5.99,,medium,low,7,name.com,,,
b8e39da5-d060-4e0d-9503-7776dd01830f,abstractor.gives,available,7.48,37.98,medium,low,10,namecheap,,,16/09/2026 18:29
41974a37-40f1-4e19-8f88-8812bc9e6d2b,campy.gives,available,5.99,40.99,medium,low,5,name.com,,,11/08/2026 15:48
4b3f7a3c-b197-4422-8eaa-ed2b1ec7db98,shakedown.gives,available,7.48,37.98,medium,low,9,namecheap,,,10/09/2026 05:40
794b1e9c-7000-4e5a-8c9a-043e16862166,blackfish.gives,available,14.99,23.99,medium,low,9,namesilo,,,24/09/2026 01:55
82849336-7478-449f-8d5e-1184c378dbc9,accepted.gives,available,14.99,23.99,high,low,8,namesilo,,,21/09/2026 15:25
f49ba049-714d-472f-9531-e00cd28c0fb2,drip.gives,available,5.99,22.66,high,medium,4,porkbun,,,28/09/2026 18:59
cfc5f342-d19d-4a68-a398-be9e43000f2d,dahl.gives,available,14.99,23.99,medium,low,4,namesilo,,,28/09/2026 09:14
0e219d8d-8c39-4d1c-9e19-92993dc80a3d,repository.gives,available,14.99,23.99,high,low,10,namesilo,,,24/09/2026 21:59
da1ae2a7-ae0d-463a-bcf8-07fc4b01c926,barton.gives,available,14.99,23.99,high,low,6,namesilo,,,28/09/2026 11:33
dbe49faf-623f-4e79-9f53-a6e11121fa1b,vegetarian.gives,available,14.99,23.99,high,low,10,namesilo,,,30/09/2026 14:24
4e37f4c3-1231-4d3d-ae96-37e8d722f7ed,willow.gives,available,6.41,22.39,high,low,6,spaceship,,,30/09/2026 14:43
5fca6e0a-c805-40fe-b99c-e0035fd8c78b,excited.gives,available,7.48,37.98,high,low,7,namecheap,,,24/09/2026 15:55
eed29110-461e-4972-8fa6-6bc5f1104d0d,contested.gives,available,14.99,23.99,medium,low,9,namesilo,,,23/09/2026 22:01
d63b1ff0-0bf9-45e6-b729-611cb67fbac8,davy.gives,available,14.99,23.99,high,low,4,namesilo,,,29/09/2026 12:01
f4a8116a-526b-4c69-9bbb-f3fd0ca607bd,like.gives,available,14.99,23.99,high,medium,4,namesilo,,,21/09/2026 23:58
85a9f7c4-5ec1-4430-a74f-78e0c7c32e60,sift.gives,available,7.48,37.98,high,low,4,namecheap,,,30/09/2026 21:25
5ba663ae-c490-4da0-8905-cc03ea46f664,oldish.gives,available,7.48,37.98,medium,low,6,namecheap,,,04/09/2026 02:04
397d4ed9-d66c-43e2-80a7-906e0b4912d4,discipline.gives,available,5.99,40.99,high,low,10,name.com,,,19/09/2026 11:34
ae79a916-fc8f-42d0-9c75-147a98a0138f,idolized.gives,available,5.99,40.99,medium,low,8,name.com,,,
06fa994a-ce68-43fe-a259-e73126513760,netherlands.gives,available,,,high,high,11,,,,
7a592c02-7271-4028-ab61-5ef969fd6339,shirley.gives,available,14.99,23.99,high,low,7,namesilo,,,25/09/2026 13:56
9dd21bee-d9da-47d2-addb-9553e13d2d81,spirited.gives,available,7.48,37.98,high,low,8,namecheap,,,27/09/2026 03:25
ce112c17-ebeb-4bdd-a480-a75594c66764,configuration.gives,available,6.41,22.39,medium,low,13,spaceship,,,29/09/2026 10:14
e84df86f-063d-4b07-8e71-fdbf0f6fe176,flexibility.gives,available,14.99,23.99,high,low,11,namesilo,,,29/09/2026 16:16
ef08631b-a4c1-4a86-9099-54eee3cb20ee,fireproof.gives,available,5.99,40.99,high,low,9,name.com,,,18/08/2026 05:07
ce9b8aca-4f0f-4dc1-b5e0-0b248b16ae10,operose.gives,available,5.99,40.99,medium,low,7,name.com,,,06/08/2026 17:05
34b42b9d-6f47-45c2-ba59-cc706d2c9d7d,llewellyn.gives,available,21.7,21.7,medium,low,9,cloudflare,,,29/09/2026 09:48
50b6c3ef-7137-4738-9bd1-c2403e43e285,finable.gives,available,5.99,40.99,medium,low,7,name.com,,,18/08/2026 04:28
aefb8091-e3d9-4e0f-98a6-6b73ea6fff3d,pluton.gives,available,14.99,23.99,medium,low,6,namesilo,,,22/09/2026 13:46
05fd4ab4-1b7c-4670-8500-6701b908ad22,plumbago.gives,available,14.99,23.99,medium,low,8,namesilo,,,24/09/2026 01:07
dfb5c647-e38e-434c-8cd2-c00da305dbab,viewable.gives,available,7.48,37.98,high,low,8,namecheap,,,13/09/2026 05:37
d41b0a06-696a-4581-83c7-ee95e5f38135,climate.gives,available,6.41,22.39,high,medium,7,spaceship,,,29/09/2026 10:05
70c61746-7c27-48c5-a1c5-8cc58d313fe5,intercepted.gives,available,6.41,22.39,medium,low,11,spaceship,,,28/09/2026 23:49